,Rank,Song,Artist,Year
0,1,Bad Day,Daniel Powter,2005
1,2,Temperature,Sean Paul,2005
2,3,Promiscuous,Nelly Furtado Featuring Timbaland,2005
3,4,You're Beautiful,James Blunt,2005
4,5,Hips Don't Lie,Shakira Featuring Wyclef Jean,2005
5,6,Unwritten,Natasha Bedingfield,2005
6,7,Crazy,Gnarls Barkley,2005
7,8,Ridin',Chamillionaire Featuring Krayzie Bone,2005
8,9,SexyBack,Justin Timberlake,2005
9,10,Check On It,Beyonce Featuring Slim Thug,2005
10,11,Be Without You,Mary J. Blige,2005
11,12,Grillz,"Nelly Featuring Paul Wall, Ali & Gipp",2005
12,13,Over My Head (Cable Car),The Fray,2005
13,14,Me & U,Cassie,2005
14,15,Buttons,The Pussycat Dolls Featuring Snoop Dogg,2005
15,16,Run It!,Chris Brown,2005
16,17,So Sick,Ne-Yo,2005
17,18,It's Goin' Down,Yung Joc,2005
18,19,SOS,Rihanna,2005
19,20,I Write Sins Not Tragedies,Panic! At The Disco,2005
20,21,Move Along,The All-American Rejects,2005
21,22,London Bridge,Fergie,2005
22,23,Dani California,Red Hot Chili Peppers,2005
23,24,Snap Yo Fingers,Lil Jon Featuring E-40 & Sean Paul Of The YoungBloodZ,2005
24,25,"Lean Wit It, Rock Wit It",Dem Franchize Boyz Featuring Lil Peanut & Charlay,2005
25,26,What Hurts The Most,Rascal Flatts,2005
26,27,How To Save A Life,The Fray,2005
27,28,Unfaithful,Rihanna,2005
28,29,Chasing Cars,Snow Patrol,2005
29,30,Lips Of An Angel,Hinder,2005
30,31,Everytime We Touch,Cascada,2005
31,32,Ain't No Other Man,Christina Aguilera,2005
32,33,"Dance, Dance",Fall Out Boy,2005
33,34,Gold Digger,Kanye West Featuring Jamie Foxx,2005
34,35,Money Maker,Ludacris Featuring Pharrell,2005
35,36,Ms. New Booty,Bubba Sparxxx Featuring Ying Yang Twins & Mr. ColliPark,2005
36,37,(When You Gonna) Give It Up To Me,Sean Paul Featuring Keyshia Cole,2005
37,38,Photograph,Nickelback,2005
38,39,Because Of You,Kelly Clarkson,2005
39,40,Stickwitu,The Pussycat Dolls,2005
40,41,I'm N Luv (Wit A Stripper),T-Pain Featuring Mike Jones,2005
41,42,My Humps,The Black Eyed Peas,2005
42,43,Where'd You Go,Fort Minor Featuring Holly Brook,2005
43,44,Yo (Excuse Me Miss),Chris Brown,2005
44,45,Walk Away,Kelly Clarkson,2005
45,46,Laffy Taffy,D4L,2005
46,47,What You Know,T.I.,2005
47,48,Dirty Little Secret,The All-American Rejects,2005
48,49,Savin' Me,Nickelback,2005
49,50,Don't Forget About Us,Mariah Carey,2005
50,51,Sexy Love,Ne-Yo,2005
51,52,U And Dat,E-40 Featuring T-Pain & Kandi Girl,2005
52,53,Far Away,Nickelback,2005
53,54,What's Left Of Me,Nick Lachey,2005
54,55,So What,Field Mob Featuring Ciara,2005
55,56,Do It To It,Cherish Featuring Sean Paul Of The YoungBloodZ,2005
56,57,Black Horse & The Cherry Tree,KT Tunstall,2005
57,58,There It Go! (The Whistle Song),Juelz Santana,2005
58,59,Shoulder Lean,Young Dro Featuring T.I.,2005
59,60,Unpredictable,Jamie Foxx Featuring Ludacris,2005
60,61,My Love,Justin Timberlake Featuring T.I.,2005
61,62,Shake That,Eminem Featuring Nate Dogg,2005
62,63,Pullin' Me Back,Chingy Featuring Tyrese,2005
63,64,Bossy,Kelis Featuring Too $hort,2005
64,65,Chain Hang Low,Jibbs,2005
65,66,Smack That,Akon Featuring Eminem,2005
66,67,One Wish,Ray J,2005
67,68,"Sugar, We're Goin' Down",Fall Out Boy,2005
68,69,Gimme That,Chris Brown Featuring Lil Wayne,2005
69,70,I Know You See It,Yung Joc Featuring Brandy 'Ms. B.' Hambrick,2005
70,71,Who Says You Can't Go Home,Bon Jovi,2005
71,72,Too Little Too Late,JoJo,2005
72,73,Touch It,Busta Rhymes,2005
73,74,Rompe,Daddy Yankee,2005
74,75,Deja Vu,Beyonce Featuring Jay Z,2005
75,76,Life Is A Highway,Rascal Flatts,2005
76,77,Call Me When You're Sober,Evanescence,2005
77,78,"Jesus, Take The Wheel",Carrie Underwood,2005
78,79,Show Stopper,Danity Kane,2005
79,80,Get Up,Ciara Featuring Chamillionaire,2005
80,81,We Be Burnin',Sean Paul,2005
81,82,Hate Me,Blue October,2005
82,83,You And Me,Lifehouse,2005
83,84,Beep,The Pussycat Dolls Featuring will.i.am,2005
84,85,I Think They Like Me,"Dem Franchize Boyz Featuring Jermaine Dupri, Da Brat & Bow Wow",2005
85,86,Say Goodbye,Chris Brown,2005
86,87,Waiting On The World To Change,John Mayer,2005
87,88,Soul Survivor,Young Jeezy Featuring Akon,2005
88,89,Pump It,The Black Eyed Peas,2005
89,90,When I'm Gone,Eminem,2005
90,91,Hung Up,Madonna,2005
91,92,Stay Fly,Three 6 Mafia Featuring Young Buck & Eightball & MJG,2005
92,93,Love,Keyshia Cole,2005
93,94,When You're Mad,Ne-Yo,2005
94,95,Why You Wanna,T.I.,2005
95,96,Stupid Girls,P!nk,2005
96,97,Feel Good Inc,Gorillaz,2005
97,98,I'm Sprung,T-Pain,2005
98,99,Do I Make You Proud,Taylor Hicks,2005
99,100,For You I Will (Confidence),Teddy Geiger,2005
100,1,Bad Day,Daniel Powter,2006
101,2,Temperature,Sean Paul,2006
102,3,Promiscuous,Nelly Furtado Featuring Timbaland,2006
103,4,You're Beautiful,James Blunt,2006
104,5,Hips Don't Lie,Shakira Featuring Wyclef Jean,2006
105,6,Unwritten,Natasha Bedingfield,2006
106,7,Crazy,Gnarls Barkley,2006
107,8,Ridin',Chamillionaire Featuring Krayzie Bone,2006
108,9,SexyBack,Justin Timberlake,2006
109,10,Check On It,Beyonce Featuring Slim Thug,2006
110,11,Be Without You,Mary J. Blige,2006
111,12,Grillz,"Nelly Featuring Paul Wall, Ali & Gipp",2006
112,13,Over My Head (Cable Car),The Fray,2006
113,14,Me & U,Cassie,2006
114,15,Buttons,The Pussycat Dolls Featuring Snoop Dogg,2006
115,16,Run It!,Chris Brown,2006
116,17,So Sick,Ne-Yo,2006
117,18,It's Goin' Down,Yung Joc,2006
118,19,SOS,Rihanna,2006
119,20,I Write Sins Not Tragedies,Panic! At The Disco,2006
120,21,Move Along,The All-American Rejects,2006
121,22,London Bridge,Fergie,2006
122,23,Dani California,Red Hot Chili Peppers,2006
123,24,Snap Yo Fingers,Lil Jon Featuring E-40 & Sean Paul Of The YoungBloodZ,2006
124,25,"Lean Wit It, Rock Wit It",Dem Franchize Boyz Featuring Lil Peanut & Charlay,2006
125,26,What Hurts The Most,Rascal Flatts,2006
126,27,How To Save A Life,The Fray,2006
127,28,Unfaithful,Rihanna,2006
128,29,Chasing Cars,Snow Patrol,2006
129,30,Lips Of An Angel,Hinder,2006
130,31,Everytime We Touch,Cascada,2006
131,32,Ain't No Other Man,Christina Aguilera,2006
132,33,"Dance, Dance",Fall Out Boy,2006
133,34,Gold Digger,Kanye West Featuring Jamie Foxx,2006
134,35,Money Maker,Ludacris Featuring Pharrell,2006
135,36,Ms. New Booty,Bubba Sparxxx Featuring Ying Yang Twins & Mr. ColliPark,2006
136,37,(When You Gonna) Give It Up To Me,Sean Paul Featuring Keyshia Cole,2006
137,38,Photograph,Nickelback,2006
138,39,Because Of You,Kelly Clarkson,2006
139,40,Stickwitu,The Pussycat Dolls,2006
140,41,I'm N Luv (Wit A Stripper),T-Pain Featuring Mike Jones,2006
141,42,My Humps,The Black Eyed Peas,2006
142,43,Where'd You Go,Fort Minor Featuring Holly Brook,2006
143,44,Yo (Excuse Me Miss),Chris Brown,2006
144,45,Walk Away,Kelly Clarkson,2006
145,46,Laffy Taffy,D4L,2006
146,47,What You Know,T.I.,2006
147,48,Dirty Little Secret,The All-American Rejects,2006
148,49,Savin' Me,Nickelback,2006
149,50,Don't Forget About Us,Mariah Carey,2006
150,51,Sexy Love,Ne-Yo,2006
151,52,U And Dat,E-40 Featuring T-Pain & Kandi Girl,2006
152,53,Far Away,Nickelback,2006
153,54,What's Left Of Me,Nick Lachey,2006
154,55,So What,Field Mob Featuring Ciara,2006
155,56,Do It To It,Cherish Featuring Sean Paul Of The YoungBloodZ,2006
156,57,Black Horse & The Cherry Tree,KT Tunstall,2006
157,58,There It Go! (The Whistle Song),Juelz Santana,2006
158,59,Shoulder Lean,Young Dro Featuring T.I.,2006
159,60,Unpredictable,Jamie Foxx Featuring Ludacris,2006
160,61,My Love,Justin Timberlake Featuring T.I.,2006
161,62,Shake That,Eminem Featuring Nate Dogg,2006
162,63,Pullin' Me Back,Chingy Featuring Tyrese,2006
163,64,Bossy,Kelis Featuring Too $hort,2006
164,65,Chain Hang Low,Jibbs,2006
165,66,Smack That,Akon Featuring Eminem,2006
166,67,One Wish,Ray J,2006
167,68,"Sugar, We're Goin' Down",Fall Out Boy,2006
168,69,Gimme That,Chris Brown Featuring Lil Wayne,2006
169,70,I Know You See It,Yung Joc Featuring Brandy 'Ms. B.' Hambrick,2006
170,71,Who Says You Can't Go Home,Bon Jovi,2006
171,72,Too Little Too Late,JoJo,2006
172,73,Touch It,Busta Rhymes,2006
173,74,Rompe,Daddy Yankee,2006
174,75,Deja Vu,Beyonce Featuring Jay Z,2006
175,76,Life Is A Highway,Rascal Flatts,2006
176,77,Call Me When You're Sober,Evanescence,2006
177,78,"Jesus, Take The Wheel",Carrie Underwood,2006
178,79,Show Stopper,Danity Kane,2006
179,80,Get Up,Ciara Featuring Chamillionaire,2006
180,81,We Be Burnin',Sean Paul,2006
181,82,Hate Me,Blue October,2006
182,83,You And Me,Lifehouse,2006
183,84,Beep,The Pussycat Dolls Featuring will.i.am,2006
184,85,I Think They Like Me,"Dem Franchize Boyz Featuring Jermaine Dupri, Da Brat & Bow Wow",2006
185,86,Say Goodbye,Chris Brown,2006
186,87,Waiting On The World To Change,John Mayer,2006
187,88,Soul Survivor,Young Jeezy Featuring Akon,2006
188,89,Pump It,The Black Eyed Peas,2006
189,90,When I'm Gone,Eminem,2006
190,91,Hung Up,Madonna,2006
191,92,Stay Fly,Three 6 Mafia Featuring Young Buck & Eightball & MJG,2006
192,93,Love,Keyshia Cole,2006
193,94,When You're Mad,Ne-Yo,2006
194,95,Why You Wanna,T.I.,2006
195,96,Stupid Girls,P!nk,2006
196,97,Feel Good Inc,Gorillaz,2006
197,98,I'm Sprung,T-Pain,2006
198,99,Do I Make You Proud,Taylor Hicks,2006
199,100,For You I Will (Confidence),Teddy Geiger,2006
200,1,Irreplaceable,Beyonce,2007
201,2,Umbrella,Rihanna Featuring Jay-Z,2007
202,3,The Sweet Escape,Gwen Stefani Featuring Akon,2007
203,4,Big Girls Don't Cry,Fergie,2007
204,5,Buy U A Drank (Shawty Snappin'),T-Pain Featuring Yung Joc,2007
205,6,Before He Cheats,Carrie Underwood,2007
206,7,Hey There Delilah,Plain White T's,2007
207,8,I Wanna Love You,Akon Featuring Snoop Dogg,2007
208,9,Say It Right,Nelly Furtado,2007
209,10,Glamorous,Fergie Featuring Ludacris,2007
210,11,Don't Matter,Akon,2007
211,12,Girlfriend,Avril Lavigne,2007
212,13,Makes Me Wonder,Maroon 5,2007
213,14,Party Like A Rockstar,Shop Boyz,2007
214,15,Smack That,Akon Featuring Eminem,2007
215,16,This Is Why I'm Hot,Mims,2007
216,17,It's Not Over,Daughtry,2007
217,18,The Way I Are,Timbaland Featuring Keri Hilson,2007
218,19,Fergalicious,Fergie,2007
219,20,Crank That (Soulja Boy),Soulja Boy Tell'em,2007
220,21,Give It To Me,Timbaland Featuring Nelly Furtado & Justin Timberlake,2007
221,22,What Goes Around...Comes Around,Justin Timberlake,2007
222,23,Cupid's Chokehold/Breakfast In America,Gym Class Heroes Featuring Patrick Stump,2007
223,24,How To Save A Life,The Fray,2007
224,25,Home,Daughtry,2007
225,26,My Love,Justin Timberlake Featuring T.I.,2007
226,27,Stronger,Kanye West,2007
227,28,We Fly High,Jim Jones,2007
228,29,U + Ur Hand,P!nk,2007
229,30,Walk It Out,Unk,2007
230,31,Beautiful Girls,Sean Kingston,2007
231,32,"This Ain't A Scene, It's An Arms Race",Fall Out Boy,2007
232,33,Bartender,T-Pain Featuring Akon,2007
233,34,"Pop, Lock & Drop It",Huey,2007
234,35,Runaway Love,Ludacris Featuring Mary J. Blige,2007
235,36,Rockstar,Nickelback,2007
236,37,Thnks Fr Th Mmrs,Fall Out Boy,2007
237,38,What I've Done,Linkin Park,2007
238,39,Summer Love,Justin Timberlake,2007
239,40,You,Lloyd Featuring Lil Wayne,2007
240,41,Wait For You,Elliott Yamin,2007
241,42,Last Night,Diddy Featuring Keyshia Cole,2007
242,43,Make It Rain,Fat Joe Featuring Lil Wayne,2007
243,44,Make Me Better,Fabolous Featuring Ne-Yo,2007
244,45,Ice Box,Omarion,2007
245,46,Lips Of An Angel,Hinder,2007
246,47,Waiting On The World To Change,John Mayer,2007
247,48,Lost Without U,Robin Thicke,2007
248,49,I'm A Flirt,R. Kelly Or Bow Wow (Featuring T.I. & T-Pain),2007
249,50,If Everyone Cared,Nickelback,2007
250,51,Get It Shawty,Lloyd,2007
251,52,Face Down,The Red Jumpsuit Apparatus,2007
252,53,The Way I Live,Baby Boy Da Prince Featuring Lil Boosie,2007
253,54,Shortie Like Mine,Bow Wow Featuring Chris Brown & Johnta Austin,2007
254,55,It Ends Tonight,The All-American Rejects,2007
255,56,A Bay Bay,Hurricane Chris,2007
256,57,Because Of You,Ne-Yo,2007
257,58,I Tried,Bone Thugs-N-Harmony Featuring Akon,2007
258,59,Welcome To The Black Parade,My Chemical Romance,2007
259,60,Shawty,Plies Featuring T-Pain,2007
260,61,Chasing Cars,Snow Patrol,2007
261,62,Beautiful Liar,Beyonce & Shakira,2007
262,63,SexyBack,Justin Timberlake,2007
263,64,Keep Holding On,Avril Lavigne,2007
264,65,Let It Go,Keyshia Cole Featuring Missy Elliott & Lil Kim,2007
265,66,Apologize,Timbaland Featuring OneRepublic,2007
266,67,Bubbly,Colbie Caillat,2007
267,68,Like A Boy,Ciara,2007
268,69,Who Knew,P!nk,2007
269,70,Never Again,Kelly Clarkson,2007
270,71,Promise,Ciara,2007
271,72,Bed,J. Holiday,2007
272,73,Throw Some D's,Rich Boy Featuring Polow Da Don,2007
273,74,Rehab,Amy Winehouse,2007
274,75,Big Things Poppin' (Do It),T.I.,2007
275,76,No One,Alicia Keys,2007
276,77,The Great Escape,Boys Like Girls,2007
277,78,2 Step,Unk,2007
278,79,Walk Away (Remember Me),Paula DeAnda Featuring The DEY,2007
279,80,Go Getta,Young Jeezy Featuring R. Kelly,2007
280,81,Here (In Your Arms),Hellogoodbye,2007
281,82,On The Hotline,Pretty Ricky,2007
282,83,Wind It Up,Gwen Stefani,2007
283,84,Cyclone,Baby Bash Featuring T-Pain,2007
284,85,Break It Off,Rihanna & Sean Paul,2007
285,86,First Time,Lifehouse,2007
286,87,Ayo Technology,50 Cent Featuring Justin Timberlake & Timbaland,2007
287,88,Outta My System,Bow Wow Featuring T-Pain & Johnta Austin,2007
288,89,Teardrops On My Guitar,Taylor Swift,2007
289,90,Shut Up And Drive,Rihanna,2007
290,91,Snow ((Hey Oh)),Red Hot Chili Peppers,2007
291,92,Money Maker,Ludacris Featuring Pharrell,2007
292,93,Kiss Kiss,Chris Brown Featuring T-Pain,2007
293,94,Far Away,Nickelback,2007
294,95,Rock Yo Hips,Crime Mob Featuring Lil Scrappy,2007
295,96,LoveStoned,Justin Timberlake,2007
296,97,Better Than Me,Hinder,2007
297,98,Paralyzer,Finger Eleven,2007
298,99,That's That,Snoop Dogg Featuring R. Kelly,2007
299,100,Same Girl,R. Kelly Duet With Usher,2007
300,1,Low,Flo Rida Featuring T-Pain,2008
301,2,Bleeding Love,Leona Lewis,2008
302,3,No One,Alicia Keys,2008
303,4,Lollipop,Lil Wayne Featuring Static Major,2008
304,5,Apologize,Timbaland Featuring OneRepublic,2008
305,6,No Air,Jordin Sparks Duet With Chris Brown,2008
306,7,Love Song,Sara Bareilles,2008
307,8,Love In This Club,Usher Featuring Young Jeezy,2008
308,9,With You,Chris Brown,2008
309,10,Forever,Chris Brown,2008
310,11,Sexy Can I,Ray J & Yung Berg,2008
311,12,Take A Bow,Rihanna,2008
312,13,Viva La Vida,Coldplay,2008
313,14,I Kissed A Girl,Katy Perry,2008
314,15,Whatever You Like,T.I.,2008
315,16,Disturbia,Rihanna,2008
316,17,Don't Stop The Music,Rihanna,2008
317,18,Pocketful Of Sunshine,Natasha Bedingfield,2008
318,19,Kiss Kiss,Chris Brown Featuring T-Pain,2008
319,20,Closer,Ne-Yo,2008
320,21,Bubbly,Colbie Caillat,2008
321,22,Touch My Body,Mariah Carey,2008
322,23,4 Minutes,Madonna Featuring Justin Timberlake & Timbaland,2008
323,24,So What,P!nk,2008
324,25,Paralyzer,Finger Eleven,2008
325,26,Clumsy,Fergie,2008
326,27,I'm Yours,Jason Mraz,2008
327,28,Leavin',Jesse McCartney,2008
328,29,Dangerous,Kardinal Offishall Featuring Akon,2008
329,30,Tattoo,Jordin Sparks,2008
330,31,See You Again,Miley Cyrus,2008
331,32,Shake It,Metro Station,2008
332,33,Stop And Stare,OneRepublic,2008
333,34,Take You There,Sean Kingston,2008
334,35,Paper Planes,M.I.A.,2008
335,36,Hot N Cold,Katy Perry,2008
336,37,Live Your Life,T.I. Featuring Rihanna,2008
337,38,Bust It Baby Part 2,Plies Featuring Ne-Yo,2008
338,39,American Boy,Estelle Featuring Kanye West,2008
339,40,Got Money,Lil Wayne Featuring T-Pain,2008
340,41,Our Song,Taylor Swift,2008
341,42,Damaged,Danity Kane,2008
342,43,A Milli,Lil Wayne,2008
343,44,Sorry,Buckcherry,2008
344,45,Independent,Webbie Featuring Lil' Phat & Lil' Boosie,2008
345,46,Can't Believe It,T-Pain Featuring Lil Wayne,2008
346,47,Like You'll Never See Me Again,Alicia Keys,2008
347,48,Teardrops On My Guitar,Taylor Swift,2008
348,49,When I Grow Up,The Pussycat Dolls,2008
349,50,Sensual Seduction,Snoop Dogg,2008
350,51,What You Got,Colby O'Donis Featuring Akon,2008
351,52,It's Not My Time,3 Doors Down,2008
352,53,Better In Time,Leona Lewis,2008
353,54,Crank That (Soulja Boy),Soulja Boy Tell'em,2008
354,55,Shadow Of The Day,Linkin Park,2008
355,56,Sweetest Girl (Dollar Bill),"Wyclef Jean Featuring Akon, Lil Wayne & Niia",2008
356,57,Miss Independent,Ne-Yo,2008
357,58,Fall For You,Secondhand Serenade,2008
358,59,In The Ayer,Flo Rida Featuring will.i.am,2008
359,60,Say,John Mayer,2008
360,61,One Step At A Time,Jordin Sparks,2008
361,62,Hate That I Love You,Rihanna Featuring Ne-Yo,2008
362,63,Superstar,Lupe Fiasco Featuring Matthew Santos,2008
363,64,Suffocate,J. Holiday,2008
364,65,Let It Rock,Kevin Rudolf Featuring Lil Wayne,2008
365,66,Get Like Me,David Banner Featuring Chris Brown,2008
366,67,Realize,Colbie Caillat,2008
367,68,Put On,Young Jeezy Featuring Kanye West,2008
368,69,The Time Of My Life,David Cook,2008
369,70,Lolli Lolli (Pop That Body),"Three 6 Mafia Featuring Project Pat, Young D & Superpower",2008
370,71,Cyclone,Baby Bash Featuring T-Pain,2008
371,72,Love Like This,Natasha Bedingfield Featuring Sean Kingston,2008
372,73,Burnin' Up,Jonas Brothers,2008
373,74,Love Lockdown,Kanye West,2008
374,75,I Luv Your Girl,The-Dream,2008
375,76,Crush,David Archuleta,2008
376,77,Hypnotized,Plies Featuring Akon,2008
377,78,Big Girls Don't Cry,Fergie,2008
378,79,Good Life,Kanye West Featuring T-Pain,2008
379,80,Womanizer,Britney Spears,2008
380,81,Love Story,Taylor Swift,2008
381,82,Just Fine,Mary J. Blige,2008
382,83,Piece Of Me,Britney Spears,2008
383,84,The Boss,Rick Ross Featuring T-Pain,2008
384,85,All Summer Long,Kid Rock,2008
385,86,Can't Help But Wait,Trey Songz,2008
386,87,In Love With A Girl,Gavin DeGraw,2008
387,88,My Life,The Game Featuring Lil Wayne,2008
388,89,I Remember,Keyshia Cole,2008
389,90,Flashing Lights,Kanye West Featuring Dwele,2008
390,91,Mrs. Officer,Lil Wayne Featuring Bobby Valentino & Kidd Kidd,2008
391,92,7 Things,Miley Cyrus,2008
392,93,You're Gonna Miss This,Trace Adkins,2008
393,94,Love Remains The Same,Gavin Rossdale,2008
394,95,Feels Like Tonight,Daughtry,2008
395,96,The Way I Are,Timbaland Featuring Keri Hilson,2008
396,97,Addicted,Saving Abel,2008
397,98,Into The Night,Santana Featuring Chad Kroeger,2008
398,99,Heaven Sent,Keyshia Cole,2008
399,100,She Got It,2 Pistols Featuring T-Pain & Tay Dizm,2008
400,1,Boom Boom Pow,The Black Eyed Peas,2009
401,2,Poker Face,Lady Gaga,2009
402,3,Just Dance,Lady Gaga Featuring Colby O'Donis,2009
403,4,I Gotta Feeling,The Black Eyed Peas,2009
404,5,Love Story,Taylor Swift,2009
405,6,Right Round,Flo Rida,2009
406,7,I'm Yours,Jason Mraz,2009
407,8,Single Ladies (Put A Ring On It),Beyonce,2009
408,9,Heartless,Kanye West,2009
409,10,Gives You Hell,The All-American Rejects,2009
410,11,You Belong With Me,Taylor Swift,2009
411,12,Dead And Gone,T.I. Featuring Justin Timberlake,2009
412,13,You Found Me,The Fray,2009
413,14,Use Somebody,Kings Of Leon,2009
414,15,Knock You Down,Keri Hilson Featuring Kanye West & Ne-Yo,2009
415,16,Blame It,Jamie Foxx Featuring T-Pain,2009
416,17,I Know You Want Me (Calle Ocho),Pitbull,2009
417,18,Live Your Life,T.I. Featuring Rihanna,2009
418,19,Kiss Me Thru The Phone,Soulja Boy Tell 'em Featuring Sammie,2009
419,20,Down,Jay Sean Featuring Lil Wayne,2009
420,21,The Climb,Miley Cyrus,2009
421,22,Best I Ever Had,Drake,2009
422,23,My Life Would Suck Without You,Kelly Clarkson,2009
423,24,Halo,Beyonce,2009
424,25,Hot N Cold,Katy Perry,2009
425,26,Second Chance,Shinedown,2009
426,27,Circus,Britney Spears,2009
427,28,Day 'N' Nite,Kid Cudi,2009
428,29,Party In The U.S.A.,Miley Cyrus,2009
429,30,Don't Trust Me,3OH!3,2009
430,31,Run This Town,"Jay-Z, Rihanna & Kanye West",2009
431,32,Let It Rock,Kevin Rudolf Featuring Lil Wayne,2009
432,33,Fire Burning,Sean Kingston,2009
433,34,Whatcha Say,Jason Derulo,2009
434,35,LoveGame,Lady Gaga,2009
435,36,Waking Up In Vegas,Katy Perry,2009
436,37,Birthday Sex,Jeremih,2009
437,38,Sober,P!nk,2009
438,39,Womanizer,Britney Spears,2009
439,40,Whatever You Like,T.I.,2009
440,41,Obsessed,Mariah Carey,2009
441,42,Mad,Ne-Yo,2009
442,43,Good Girls Go Bad,Cobra Starship Featuring Leighton Meester,2009
443,44,Love Lockdown,Kanye West,2009
444,45,So What,P!nk,2009
445,46,Hotel Room Service,Pitbull,2009
446,47,Crack A Bottle,"Eminem, Dr. Dre & 50 Cent",2009
447,48,If I Were A Boy,Beyonce,2009
448,49,Turnin Me On,Keri Hilson Featuring Lil Wayne,2009
449,50,I Hate This Part,The Pussycat Dolls,2009
450,51,Gotta Be Somebody,Nickelback,2009
451,52,Please Don't Leave Me,P!nk,2009
452,53,Paparazzi,Lady Gaga,2009
453,54,Beautiful,Akon Featuring Colby O'Donis & Kardinal Offishall,2009
454,55,Viva La Vida,Coldplay,2009
455,56,Right Now (Na Na Na),Akon,2009
456,57,Battlefield,Jordin Sparks,2009
457,58,Sugar,Flo Rida Featuring Wynter,2009
458,59,Miss Independent,Ne-Yo,2009
459,60,Fireflies,Owl City,2009
460,61,New Divide,Linkin Park,2009
461,62,Empire State Of Mind,Jay-Z + Alicia Keys,2009
462,63,No Surprise,Daughtry,2009
463,64,She Wolf,Shakira,2009
464,65,Break Up,Mario Featuring Gucci Mane & Sean Garrett,2009
465,66,Sweet Dreams,Beyonce,2009
466,67,Every Girl,Young Money,2009
467,68,Fallin' For You,Colbie Caillat,2009
468,69,Untouched,The Veronicas,2009
469,70,If Today Was Your Last Day,Nickelback,2009
470,71,Throw It In The Bag,Fabolous Featuring The-Dream,2009
471,72,Love Drunk,Boys Like Girls,2009
472,73,I Love College,Asher Roth,2009
473,74,If U Seek Amy,Britney Spears,2009
474,75,Big Green Tractor,Jason Aldean,2009
475,76,White Horse,Taylor Swift,2009
476,77,Disturbia,Rihanna,2009
477,78,21 Guns,Green Day,2009
478,79,Turn My Swag On,Soulja Boy Tell'em,2009
479,80,Rockin' That Thang,The-Dream,2009
480,81,Chicken Fried,Zac Brown Band,2009
481,82,Diva,Beyonce,2009
482,83,Replay,Iyaz,2009
483,84,Then,Brad Paisley,2009
484,85,Her Diamonds,Rob Thomas,2009
485,86,How Do You Sleep?,Jesse McCartney Featuring Ludacris,2009
486,87,3,Britney Spears,2009
487,88,Forever,"Drake Featuring Kanye West, Lil Wayne & Eminem",2009
488,89,One Time,Justin Bieber,2009
489,90,I Run To You,Lady Antebellum,2009
490,91,I Do Not Hook Up,Kelly Clarkson,2009
491,92,Green Light,John Legend Featuring Andre 3000,2009
492,93,People Are Crazy,Billy Currington,2009
493,94,Whatever It Is,Zac Brown Band,2009
494,95,Already Gone,Kelly Clarkson,2009
495,96,Goodbye,Kristinia DeBarge,2009
496,97,Say Hey (I Love You),Michael Franti & Spearhead Featuring Cherine Anderson,2009
497,98,Pop Champagne,Jim Jones & Ron Browz Featuring Juelz Santana,2009
498,99,Pretty Wings,Maxwell,2009
499,100,Never Say Never,The Fray,2009
500,1,TiK ToK,Ke$ha,2010
501,2,Need You Now,Lady Antebellum,2010
502,3,"Hey, Soul Sister",Train,2010
503,4,California Gurls,Katy Perry Featuring Snoop Dogg,2010
504,5,OMG,Usher Featuring will.i.am,2010
505,6,Airplanes,B.o.B Featuring Hayley Williams,2010
506,7,Love The Way You Lie,Eminem Featuring Rihanna,2010
507,8,Bad Romance,Lady Gaga,2010
508,9,Dynamite,Taio Cruz,2010
509,10,Break Your Heart,Taio Cruz Featuring Ludacris,2010
510,11,Nothin' On You,B.o.B Featuring Bruno Mars,2010
511,12,I Like It,Enrique Iglesias Featuring Pitbull,2010
512,13,BedRock,Young Money Featuring Lloyd,2010
513,14,In My Head,Jason Derulo,2010
514,15,Rude Boy,Rihanna,2010
515,16,Telephone,Lady Gaga Featuring Beyonce,2010
516,17,Teenage Dream,Katy Perry,2010
517,18,Just The Way You Are,Bruno Mars,2010
518,19,Cooler Than Me,Mike Posner,2010
519,20,Imma Be,The Black Eyed Peas,2010
520,21,Empire State Of Mind,Jay-Z + Alicia Keys,2010
521,22,DJ Got Us Fallin' In Love,Usher Featuring Pitbull,2010
522,23,Billionaire,Travie McCoy Featuring Bruno Mars,2010
523,24,Not Afraid,Eminem,2010
524,25,Replay,Iyaz,2010
525,26,Sexy Chick,David Guetta Featuring Akon,2010
526,27,Breakeven,The Script,2010
527,28,Your Love Is My Drug,Ke$ha,2010
528,29,I Gotta Feeling,The Black Eyed Peas,2010
529,30,Fireflies,Owl City,2010
530,31,Say Aah,Trey Songz Featuring Fabolous,2010
531,32,Find Your Love,Drake,2010
532,33,Alejandro,Lady Gaga,2010
533,34,Ridin' Solo,Jason Derulo,2010
534,35,Just A Dream,Nelly,2010
535,36,How Low,Ludacris,2010
536,37,Like A G6,Far*East Movement Featuring Cataracs & Dev,2010
537,38,Carry Out,Timbaland Featuring Justin Timberlake,2010
538,39,Haven't Met You Yet,Michael Buble,2010
539,40,Club Can't Handle Me,Flo Rida Featuring David Guetta,2010
540,41,Down,Jay Sean Featuring Lil Wayne,2010
541,42,Bulletproof,La Roux,2010
542,43,Whatcha Say,Jason Derulo,2010
543,44,Baby,Justin Bieber Featuring Ludacris,2010
544,45,Whataya Want From Me,Adam Lambert,2010
545,46,Mine,Taylor Swift,2010
546,47,Only Girl (In The World),Rihanna,2010
547,48,Live Like We're Dying,Kris Allen,2010
548,49,Hard,Rihanna Featuring Jeezy,2010
549,50,Young Forever,Jay-Z + Mr. Hudson,2010
550,51,Blah Blah Blah,Ke$ha Featuring 3OH!3,2010
551,52,Bottoms Up,Trey Songz Featuring Nicki Minaj,2010
552,53,Do You Remember,Jay Sean Featuring Sean Paul & Lil Jon,2010
553,54,All The Right Moves,OneRepublic,2010
554,55,According To You,Orianthi,2010
555,56,My Chick Bad,Ludacris Featuring Nicki Minaj,2010
556,57,You Belong With Me,Taylor Swift,2010
557,58,Meet Me Halfway,The Black Eyed Peas,2010
558,59,Take It Off,Ke$ha,2010
559,60,Over,Drake,2010
560,61,Animal,Neon Trees,2010
561,62,Misery,Maroon 5,2010
562,63,Magic,B.o.B Featuring Rivers Cuomo,2010
563,64,Paparazzi,Lady Gaga,2010
564,65,Tie Me Down,New Boyz Featuring Ray J,2010
565,66,Your Love,Nicki Minaj,2010
566,67,Party In The U.S.A.,Miley Cyrus,2010
567,68,Deuces,Chris Brown Featuring Tyga & Kevin McCall,2010
568,69,3,Britney Spears,2010
569,70,Impossible,Shontelle,2010
570,71,Forever,"Drake Featuring Kanye West, Lil Wayne & Eminem",2010
571,72,Two Is Better Than One,Boys Like Girls Featuring Taylor Swift,2010
572,73,My First Kiss,3OH!3 Featuring Ke$ha,2010
573,74,Already Gone,Kelly Clarkson,2010
574,75,Rock That Body,The Black Eyed Peas,2010
575,76,Secrets,OneRepublic,2010
576,77,Naturally,Selena Gomez & The Scene,2010
577,78,Un-Thinkable (I'm Ready),Alicia Keys,2010
578,79,All I Do Is Win,"DJ Khaled Featuring T-Pain, Ludacris, Snoop Dogg & Rick Ross",2010
579,80,I Made It (Cash Money Heroes),"Kevin Rudolf Featuring Birdman, Jay Sean, & Lil Wayne",2010
580,81,Stuck Like Glue,Sugarland,2010
581,82,Hey Daddy (Daddy's Home),Usher Featuring Plies,2010
582,83,There Goes My Baby,Usher,2010
583,84,Today Was A Fairytale,Taylor Swift,2010
584,85,Say Something,Timbaland Featuring Drake,2010
585,86,Sweet Dreams,Beyonce,2010
586,87,Use Somebody,Kings Of Leon,2010
587,88,Undo It,Carrie Underwood,2010
588,89,Eenie Meenie,Sean Kingston & Justin Bieber,2010
589,90,Right Above It,Lil Wayne Featuring Drake,2010
590,91,The House That Built Me,Miranda Lambert,2010
591,92,If I Die Young,The Band Perry,2010
592,93,The Only Exception,Paramore,2010
593,94,American Honey,Lady Antebellum,2010
594,95,King Of Anything,Sara Bareilles,2010
595,96,Life After You,Daughtry,2010
596,97,Smile,Uncle Kracker,2010
597,98,Teach Me How To Dougie,Cali Swag District,2010
598,99,Try Sleeping With A Broken Heart,Alicia Keys,2010
599,100,"Lover, Lover",Jerrod Niemann,2010
600,1,Rolling In The Deep,Adele,2011
601,2,Party Rock Anthem,LMFAO Featuring Lauren Bennett & GoonRock,2011
602,3,Firework,Katy Perry,2011
603,4,E.T.,Katy Perry Featuring Kanye West,2011
604,5,Give Me Everything,"Pitbull Featuring Ne-Yo, Afrojack & Nayer",2011
605,6,Grenade,Bruno Mars,2011
606,8,Super Bass,Nicki Minaj,2011
607,9,Moves Like Jagger,Maroon 5 Featuring Christina Aguilera,2011
608,10,Just Can't Get Enough,The Black Eyed Peas,2011
609,11,On The Floor,Jennifer Lopez Featuring Pitbull,2011
610,12,S&M,Rihanna,2011
611,13,Pumped Up Kicks,Foster The People,2011
612,14,Last Friday Night (T.G.I.F.),Katy Perry,2011
613,15,Just The Way You Are,Bruno Mars,2011
614,16,Tonight (I'm Lovin' You),Enrique Iglesias Featuring Ludacris & DJ Frank E,2011
615,17,Raise Your Glass,P!nk,2011
616,18,Born This Way,Lady Gaga,2011
617,19,F**kin' Perfect,P!nk,2011
618,20,What's My Name?,Rihanna Featuring Drake,2011
619,21,Look At Me Now,Chris Brown Featuring Lil Wayne & Busta Rhymes,2011
620,22,Down On Me,Jeremih Featuring 50 Cent,2011
621,23,How To Love,Lil Wayne,2011
622,24,Someone Like You,Adele,2011
623,25,Good Life,OneRepublic,2011
624,26,The Lazy Song,Bruno Mars,2011
625,27,Till The World Ends,Britney Spears,2011
626,28,The Show Goes On,Lupe Fiasco,2011
627,29,The Edge Of Glory,Lady Gaga,2011
628,30,We R Who We R,Ke$ha,2011
629,31,Black And Yellow,Wiz Khalifa,2011
630,32,Tonight Tonight,Hot Chelle Rae,2011
631,33,Blow,Ke$ha,2011
632,34,Lighters,Bad Meets Evil Featuring Bruno Mars,2011
633,35,If I Die Young,The Band Perry,2011
634,36,Stereo Hearts,Gym Class Heroes Featuring Adam Levine,2011
635,37,The Time (Dirty Bit),The Black Eyed Peas,2011
636,38,Coming Home,Diddy - Dirty Money Featuring Skylar Grey,2011
637,39,Hey Baby (Drop It To The Floor),Pitbull Featuring T-Pain,2011
638,40,Only Girl (In The World),Rihanna,2011
639,41,6 Foot 7 Foot,Lil Wayne Featuring Cory Gunz,2011
640,42,Just A Kiss,Lady Antebellum,2011
641,43,Dirt Road Anthem,Jason Aldean,2011
642,44,Dynamite,Taio Cruz,2011
643,45,No Hands,Waka Flocka Flame Featuring Roscoe Dash & Wale,2011
644,46,I Wanna Go,Britney Spears,2011
645,47,I'm On One,"DJ Khaled Featuring Drake, Rick Ross & Lil Wayne",2011
646,48,You Make Me Feel...,Cobra Starship Featuring Sabi,2011
647,49,Yeah 3X,Chris Brown,2011
648,50,Moment 4 Life,Nicki Minaj Featuring Drake,2011
649,51,I Need A Doctor,Dr. Dre Featuring Eminem & Skylar Grey,2011
650,52,Just A Dream,Nelly,2011
651,53,Motivation,Kelly Rowland Featuring Lil Wayne,2011
652,54,Stereo Love,Edward Maya & Vika Jigulina,2011
653,55,Jar Of Hearts,Christina Perri,2011
654,56,Roll Up,Wiz Khalifa,2011
655,57,Sexy And I Know It,LMFAO,2011
656,58,Rocketeer,Far*East Movement Featuring Ryan Tedder,2011
657,59,All Of The Lights,Kanye West,2011
658,60,Hold It Against Me,Britney Spears,2011
659,61,More,Usher,2011
660,62,What The Hell,Avril Lavigne,2011
661,63,Written In The Stars,Tinie Tempah Featuring Eric Turner,2011
662,64,Bottoms Up,Trey Songz Featuring Nicki Minaj,2011
663,65,DJ Got Us Fallin' In Love,Usher Featuring Pitbull,2011
664,66,For The First Time,The Script,2011
665,67,Honey Bee,Blake Shelton,2011
666,68,Don't You Wanna Stay,Jason Aldean With Kelly Clarkson,2011
667,69,We Found Love,Rihanna Featuring Calvin Harris,2011
668,70,Pretty Girl Rock,Keri Hilson,2011
669,71,You And I,Lady Gaga,2011
670,72,Like A G6,Far*East Movement Featuring Cataracs & Dev,2011
671,73,Without You,David Guetta Featuring Usher,2011
672,74,Back To December,Taylor Swift,2011
673,75,Teenage Dream,Katy Perry,2011
674,76,Crazy Girl,Eli Young Band,2011
675,77,Cheers (Drink To That),Rihanna,2011
676,78,Who Says,Selena Gomez & The Scene,2011
677,79,Barefoot Blue Jean Night,Jake Owen,2011
678,80,Knee Deep,Zac Brown Band Featuring Jimmy Buffett,2011
679,81,Country Girl (Shake It For Me),Luke Bryan,2011
680,82,Remind Me,Brad Paisley Duet With Carrie Underwood,2011
681,83,In The Dark,Dev,2011
682,84,Backseat,New Boyz Featuring The Cataracs & Dev,2011
683,85,Headlines,Drake,2011
684,86,Best Thing I Never Had,Beyonce,2011
685,87,Don't Wanna Go Home,Jason Derulo,2011
686,88,Where Them Girls At,David Guetta Featuring Flo Rida & Nicki Minaj,2011
687,89,She Ain't You,Chris Brown,2011
688,90,Take A Back Road,Rodney Atkins,2011
689,91,Please Don't Go,Mike Posner,2011
690,92,Sure Thing,Miguel,2011
691,93,Price Tag,Jessie J Featuring B.o.B,2011
692,94,God Gave Me You,Blake Shelton,2011
693,95,She Will,Lil Wayne Featuring Drake,2011
694,96,Are You Gonna Kiss Me Or Not,Thompson Square,2011
695,97,Animal,Neon Trees,2011
696,98,You And Tequila,Kenny Chesney Featuring Grace Potter,2011
697,99,Colder Weather,Zac Brown Band,2011
698,100,My Last,Big Sean Featuring Chris Brown,2011
699,1,Somebody That I Used To Know,Gotye Featuring Kimbra,2012
700,2,Call Me Maybe,Carly Rae Jepsen,2012
701,3,We Are Young,fun. Featuring Janelle Monae,2012
702,4,Payphone,Maroon 5 Featuring Wiz Khalifa,2012
703,5,Lights,Ellie Goulding,2012
704,6,Glad You Came,The Wanted,2012
705,7,Stronger (What Doesn't Kill You),Kelly Clarkson,2012
706,8,We Found Love,Rihanna Featuring Calvin Harris,2012
707,9,Starships,Nicki Minaj,2012
708,10,What Makes You Beautiful,One Direction,2012
709,11,Wild Ones,Flo Rida Featuring Sia,2012
710,12,Set Fire To The Rain,Adele,2012
711,13,Sexy And I Know It,LMFAO,2012
712,14,Some Nights,fun.,2012
713,15,Wide Awake,Katy Perry,2012
714,16,Good Feeling,Flo Rida,2012
715,17,Whistle,Flo Rida,2012
716,18,One More Night,Maroon 5,2012
717,19,Drive By,Train,2012
718,20,The Motto,Drake Featuring Lil Wayne,2012
719,21,Where Have You Been,Rihanna,2012
720,22,Everybody Talks,Neon Trees,2012
721,23,Take Care,Drake Featuring Rihanna,2012
722,24,Titanium,David Guetta Featuring Sia,2012
723,25,I Won't Give Up,Jason Mraz,2012
724,26,It Will Rain,Bruno Mars,2012
725,27,Mercy,"Kanye West, Big Sean, Pusha T, 2 Chainz",2012
726,28,Boyfriend,Justin Bieber,2012
727,29,Party Rock Anthem,LMFAO Featuring Lauren Bennett & GoonRock,2012
728,30,Too Close,Alex Clare,2012
729,31,Part Of Me,Katy Perry,2012
730,32,"Young, Wild & Free",Snoop Dogg & Wiz Khalifa Featuring Bruno Mars,2012
731,33,We Are Never Ever Getting Back Together,Taylor Swift,2012
732,34,As Long As You Love Me,Justin Bieber Featuring Big Sean,2012
733,35,Turn Me On,David Guetta Featuring Nicki Minaj,2012
734,36,Moves Like Jagger,Maroon 5 Featuring Christina Aguilera,2012
735,37,Blow Me (One Last Kiss),P!nk,2012
736,38,Good Time,Owl City & Carly Rae Jepsen,2012
737,39,Give Your Heart A Break,Demi Lovato,2012
738,40,Ni**as in Paris,Jay Z Kanye West,2012
739,41,The One That Got Away,Katy Perry,2012
740,42,Feel So Close,Calvin Harris,2012
741,43,Someone Like You,Adele,2012
742,44,Scream,Usher,2012
743,45,Rack City,Tyga,2012
744,46,Domino,Jessie J,2012
745,47,Gangnam Style,PSY,2012
746,48,International Love,Pitbull Featuring Chris Brown,2012
747,49,Home,Phillip Phillips,2012
748,50,Without You,David Guetta Featuring Usher,2012
749,51,Ass Back Home,Gym Class Heroes Featuring Neon Hitch,2012
750,52,Wanted,Hunter Hayes,2012
751,53,Drunk On You,Luke Bryan,2012
752,54,No Lie,2 Chainz Featuring Drake,2012
753,55,Want U Back,Cher Lloyd,2012
754,56,Don't Wake Me Up,Chris Brown,2012
755,57,Dance (A$$),Big Sean Featuring Nicki Minaj,2012
756,58,Springsteen,Eric Church,2012
757,59,Brokenhearted,Karmin,2012
758,60,Not Over You,Gavin DeGraw,2012
759,61,Stereo Hearts,Gym Class Heroes Featuring Adam Levine,2012
760,62,Back In Time,Pitbull,2012
761,63,Work Out,J. Cole,2012
762,64,Rumour Has It,Adele,2012
763,65,Let's Go,Calvin Harris Featuring Ne-Yo,2012
764,66,Good Girl,Carrie Underwood,2012
765,67,Pontoon,Little Big Town,2012
766,68,Ho Hey,The Lumineers,2012
767,69,Paradise,Coldplay,2012
768,70,Blown Away,Carrie Underwood,2012
769,71,Rolling In The Deep,Adele,2012
770,72,Climax,Usher,2012
771,73,"Work Hard, Play Hard",Wiz Khalifa,2012
772,74,Let Me Love You (Until You Learn To Love Yourself),Ne-Yo,2012
773,75,Pound The Alarm,Nicki Minaj,2012
774,76,Come Over,Kenny Chesney,2012
775,77,Heart Attack,Trey Songz,2012
776,78,Drank In My Cup,Kirko Bangz,2012
777,79,Birthday Cake,Rihanna Featuring Chris Brown,2012
778,80,So Good,B.o.B,2012
779,81,50 Ways To Say Goodbye,Train,2012
780,82,Red Solo Cup,Toby Keith,2012
781,83,Love You Like A Love Song,Selena Gomez & The Scene,2012
782,84,Turn Up The Music,Chris Brown,2012
783,85,Die Young,Ke$ha,2012
784,86,5 O'Clock,T-Pain Featuring Wiz Khalifa & Lily Allen,2012
785,87,A Thousand Years,Christina Perri,2012
786,88,Take A Little Ride,Jason Aldean,2012
787,89,You Da One,Rihanna,2012
788,90,We Run The Night,Havana Brown Featuring Pitbull,2012
789,91,It's Time,Imagine Dragons,2012
790,92,Cashin' Out,Ca$h Out,2012
791,93,I Don't Want This Night To End,Luke Bryan,2012
792,94,Diamonds,Rihanna,2012
793,95,Hard To Love,Lee Brice,2012
794,96,Somethin' 'Bout A Truck,Kip Moore,2012
795,97,Adorn,Miguel,2012
796,98,Fly Over States,Jason Aldean,2012
797,99,Even If It Breaks Your Heart,Eli Young Band,2012
798,100,Burn It Down,Linkin Park,2012
799,1,Thrift Shop,Macklemore & Ryan Lewis Featuring Wanz,2013
800,2,Blurred Lines,Robin Thicke Featuring T.I. + Pharrell,2013
801,3,Radioactive,Imagine Dragons,2013
802,4,Harlem Shake,Baauer,2013
803,5,Can't Hold Us,Macklemore & Ryan Lewis Featuring Ray Dalton,2013
804,6,Mirrors,Justin Timberlake,2013
805,7,Just Give Me A Reason,P!nk Featuring Nate Ruess,2013
806,8,When I Was Your Man,Bruno Mars,2013
807,9,Cruise,Florida Georgia Line Featuring Nelly,2013
808,10,Roar,Katy Perry,2013
809,11,Locked Out Of Heaven,Bruno Mars,2013
810,12,Ho Hey,The Lumineers,2013
811,13,Stay,Rihanna Featuring Mikky Ekko,2013
812,14,Get Lucky,Daft Punk Featuring Pharrell Williams,2013
813,15,Royals,Lorde,2013
814,16,I Knew You Were Trouble.,Taylor Swift,2013
815,17,We Can't Stop,Miley Cyrus,2013
816,18,Wrecking Ball,Miley Cyrus,2013
817,19,Wake Me Up!,Avicii,2013
818,20,Suit & Tie,Justin Timberlake Featuring JAY Z,2013
819,21,Cups (Pitch Perfect's When I'm Gone),Anna Kendrick,2013
820,22,Holy Grail,Jay Z Featuring Justin Timberlake,2013
821,23,Scream & Shout,will.i.am & Britney Spears,2013
822,24,Clarity,Zedd Featuring Foxes,2013
823,25,Sail,AWOLNATION,2013
824,26,Don't You Worry Child,Swedish House Mafia Featuring John Martin,2013
825,27,Diamonds,Rihanna,2013
826,28,I Love It,Icona Pop Featuring Charli XCX,2013
827,29,Safe And Sound,Capital Cities,2013
828,30,Treasure,Bruno Mars,2013
829,31,The Way,Ariana Grande Featuring Mac Miller,2013
830,32,Started From The Bottom,Drake,2013
831,33,Come & Get It,Selena Gomez,2013
832,34,"Hold On, We're Going Home",Drake Featuring Majid Jordan,2013
833,35,Daylight,Maroon 5,2013
834,36,Feel This Moment,Pitbull Featuring Christina Aguilera,2013
835,37,Applause,Lady Gaga,2013
836,38,One More Night,Maroon 5,2013
837,39,Love Me,Lil Wayne Featuring Drake & Future,2013
838,40,My Songs Know What You Did In The Dark (Light Em Up),Fall Out Boy,2013
839,41,F**kin Problems,"A$AP Rocky Featuring Drake, 2 Chainz & Kendrick Lamar",2013
840,42,Beauty And A Beat,Justin Bieber Featuring Nicki Minaj,2013
841,43,Same Love,Macklemore & Ryan Lewis Featuring Mary Lambert,2013
842,44,Sweet Nothing,Calvin Harris Featuring Florence Welch,2013
843,45,Summertime Sadness,Lana Del Rey & Cedric Gervais,2013
844,46,Home,Phillip Phillips,2013
845,47,It's Time,Imagine Dragons,2013
846,48,Power Trip,J. Cole Featuring Miguel,2013
847,49,Girl On Fire,Alicia Keys Featuring Nicki Minaj,2013
848,50,Heart Attack,Demi Lovato,2013
849,51,Love Somebody,Maroon 5,2013
850,52,I Will Wait,Mumford & Sons,2013
851,53,Try,P!nk,2013
852,54,Wagon Wheel,Darius Rucker,2013
853,55,Gangnam Style,PSY,2013
854,56,I Need Your Love,Calvin Harris Featuring Ellie Goulding,2013
855,57,Die Young,Ke$ha,2013
856,58,Some Nights,fun.,2013
857,59,Bad,Wale Featuring Tiara Thomas Or Rihanna,2013
858,60,Boys 'round Here,Blake Shelton Featuring Pistol Annies & Friends,2013
859,61,"Gone, Gone, Gone",Phillip Phillips,2013
860,62,Demons,Imagine Dragons,2013
861,63,Counting Stars,OneRepublic,2013
862,64,I Cry,Flo Rida,2013
863,65,Little Talks,Of Monsters And Men,2013
864,66,The Other Side,Jason Derulo,2013
865,67,Berzerk,Eminem,2013
866,68,Catch My Breath,Kelly Clarkson,2013
867,69,Crash My Party,Luke Bryan,2013
868,70,Pour It Up,Rihanna,2013
869,71,22,Taylor Swift,2013
870,72,I Want Crazy,Hunter Hayes,2013
871,73,The Fox,Ylvis,2013
872,74,Best Song Ever,One Direction,2013
873,75,The A Team,Ed Sheeran,2013
874,76,Carry On,fun.,2013
875,77,Highway Don't Care,Tim McGraw With Taylor Swift,2013
876,78,That's My Kind Of Night,Luke Bryan,2013
877,79,Swimming Pools (Drank),Kendrick Lamar,2013
878,80,Sure Be Cool If You Did,Blake Shelton,2013
879,81,#Beautiful,Mariah Carey Featuring Miguel,2013
880,82,Troublemaker,Olly Murs Featuring Flo Rida,2013
881,83,Body Party,Ciara,2013
882,84,Adorn,Miguel,2013
883,85,Hall Of Fame,The Script Featuring will.i.am,2013
884,86,Let Me Love You (Until You Learn To Love Yourself),Ne-Yo,2013
885,87,U.O.E.N.O.,Rocko Featuring Future & Rick Ross,2013
886,88,Next To Me,Emeli Sande,2013
887,89,Mama's Broken Heart,Miranda Lambert,2013
888,90,It Goes Like This,Thomas Rhett,2013
889,91,Bugatti,Ace Hood Featuring Future & Rick Ross,2013
890,92,Wanted,Hunter Hayes,2013
891,93,Downtown,Lady Antebellum,2013
892,94,Get Your Shine On,Florida Georgia Line,2013
893,95,#thatPOWER,will.i.am Featuring Justin Bieber,2013
894,96,Brave,Sara Bareilles,2013
895,97,Let Her Go,Passenger,2013
896,98,Runnin' Outta Moonlight,Randy Houser,2013
897,99,I'm Different,2 Chainz,2013
898,100,Still Into You,Paramore,2013
899,1,Happy,Pharrell Williams,2014
900,2,Dark Horse,Katy Perry Featuring Juicy J,2014
901,3,All Of Me,John Legend,2014
902,4,Fancy,Iggy Azalea Featuring Charli XCX,2014
903,5,Counting Stars,OneRepublic,2014
904,6,Talk Dirty,Jason Derulo Featuring 2 Chainz,2014
905,7,Rude,MAGIC!,2014
906,8,All About That Bass,Meghan Trainor,2014
907,9,Problem,Ariana Grande Featuring Iggy Azalea,2014
908,10,Stay With Me,Sam Smith,2014
909,11,Timber,Pitbull Featuring Ke$ha,2014
910,12,Pompeii,Bastille,2014
911,13,Shake It Off,Taylor Swift,2014
912,14,Am I Wrong,Nico & Vinz,2014
913,15,Turn Down For What,DJ Snake & Lil Jon,2014
914,16,The Monster,Eminem Featuring Rihanna,2014
915,17,Say Something,A Great Big World & Christina Aguilera,2014
916,18,Team,Lorde,2014
917,19,Let Her Go,Passenger,2014
918,20,Royals,Lorde,2014
919,21,Let It Go,Idina Menzel,2014
920,22,Wake Me Up!,Avicii,2014
921,23,Demons,Imagine Dragons,2014
922,24,Story Of My Life,One Direction,2014
923,25,Chandelier,Sia,2014
924,26,Black Widow,Iggy Azalea Featuring Rita Ora,2014
925,27,Bang Bang,"Jessie J, Ariana Grande & Nicki Minaj",2014
926,28,Latch,Disclosure Featuring Sam Smith,2014
927,29,Maps,Maroon 5,2014
928,30,Loyal,Chris Brown Featuring Lil Wayne & French Montana Or Too $hort Or Tyga,2014
929,31,Best Day Of My Life,American Authors,2014
930,32,Habits (Stay High),Tove Lo,2014
931,33,Summer,Calvin Harris,2014
932,34,Boom Clap,Charli XCX,2014
933,35,Drunk In Love,Beyonce Featuring Jay Z,2014
934,36,Anaconda,Nicki Minaj,2014
935,37,Break Free,Ariana Grande Featuring Zedd,2014
936,38,Bailando,Enrique Iglesias Featuring Descemer Bueno & Gente de Zona,2014
937,39,Burn,Ellie Goulding,2014
938,40,Wiggle,Jason Derulo Featuring Snoop Dogg,2014
939,41,Rather Be,Clean Bandit Featuring Jess Glynne,2014
940,42,Don't Tell 'Em,Jeremih Featuring YG,2014
941,43,Show Me,Kid Ink Featuring Chris Brown,2014
942,44,Wrecking Ball,Miley Cyrus,2014
943,45,Not A Bad Thing,Justin Timberlake,2014
944,46,Roar,Katy Perry,2014
945,47,Ain't It Fun,Paramore,2014
946,48,The Man,Aloe Blacc,2014
947,49,This Is How We Roll,Florida Georgia Line Featuring Luke Bryan,2014
948,50,Classic,MKTO,2014
949,51,A Sky Full Of Stars,Coldplay,2014
950,52,Don't,Ed Sheeran,2014
951,53,Na Na,Trey Songz,2014
952,54,Hot Boy,Bobby Shmurda,2014
953,55,"Hold On, We're Going Home",Drake Featuring Majid Jordan,2014
954,56,Sing,Ed Sheeran,2014
955,57,Radioactive,Imagine Dragons,2014
956,58,My Hitta,YG Featuring Jeezy & Rich Homie Quan,2014
957,59,Cool Kids,Echosmith,2014
958,60,Hey Brother,Avicii,2014
959,61,Trumpets,Jason Derulo,2014
960,62,Animals,Maroon 5,2014
961,63,Burnin' It Down,Jason Aldean,2014
962,64,Play It Again,Luke Bryan,2014
963,65,2 On,Tinashe Featuring ScHoolboy Q,2014
964,66,Dirt,Florida Georgia Line,2014
965,67,Love Runs Out,OneRepublic,2014
966,68,Bottoms Up,Brantley Gilbert,2014
967,69,Shower,Becky G,2014
968,70,Me And My Broken Heart,Rixton,2014
969,71,Animals,Martin Garrix,2014
970,72,Lifestyle,Rich Gang Featuring Young Thug & Rich Homie Quan,2014
971,73,American Kids,Kenny Chesney,2014
972,74,Brave,Sara Bareilles,2014
973,75,Sweater Weather,The Neighbourhood,2014
974,76,Leave The Night On,Sam Hunt,2014
975,77,New Flame,Chris Brown Featuring Usher & Rick Ross,2014
976,78,Love Never Felt So Good,Michael Jackson & Justin Timberlake,2014
977,79,Drunk On A Plane,Dierks Bentley,2014
978,80,Birthday,Katy Perry,2014
979,81,Bartender,Lady Antebellum,2014
980,82,La La La,Naughty Boy Featuring Sam Smith,2014
981,83,Blurred Lines,Robin Thicke Featuring T.I. + Pharrell,2014
982,84,Do What U Want,Lady Gaga Featuring R. Kelly,2014
983,85,Can't Remember To Forget You,Shakira Featuring Rihanna,2014
984,86,Amnesia,5 Seconds Of Summer,2014
985,87,No Mediocre,T.I. Featuring Iggy Azalea,2014
986,88,Come With Me Now,KONGOS,2014
987,89,Believe Me,Lil Wayne Featuring Drake,2014
988,90,23,"Mike WiLL Made-It Featuring Miley Cyrus, Wiz Khalifa & Juicy J",2014
989,91,Beachin',Jake Owen,2014
990,92,White Walls,Macklemore & Ryan Lewis Featuring ScHoolboy Q & Hollis,2014
991,93,She Looks So Perfect,5 Seconds Of Summer,2014
992,94,Stay The Night,Zedd Featuring Hayley Williams,2014
993,95,Partition,Beyonce,2014
994,96,Studio,ScHoolboy Q Featuring BJ The Chicago Kid,2014
995,97,0 To 100 / The Catch Up,Drake,2014
996,98,I Don't Dance,Lee Brice,2014
997,99,Somethin' Bad,Miranda Lambert Duet With Carrie Underwood,2014
998,100,Adore You,Miley Cyrus,2014
999,1,Uptown Funk!,Mark Ronson Featuring Bruno Mars,2015
1000,2,Thinking Out Loud,Ed Sheeran,2015
1001,3,See You Again,Wiz Khalifa Featuring Charlie Puth,2015
1002,4,Trap Queen,Fetty Wap,2015
1003,5,Sugar,Maroon 5,2015
1004,6,Shut Up And Dance,WALK THE MOON,2015
1005,7,Blank Space,Taylor Swift,2015
1006,8,Watch Me,Silento,2015
1007,9,Earned It (Fifty Shades Of Grey),The Weeknd,2015
1008,10,The Hills,The Weeknd,2015
1009,11,Cheerleader,OMI,2015
1010,12,Can't Feel My Face,The Weeknd,2015
1011,13,Love Me Like You Do,Ellie Goulding,2015
1012,14,Take Me To Church,Hozier,2015
1013,15,Bad Blood,Taylor Swift Featuring Kendrick Lamar,2015
1014,16,Lean On,Major Lazer & DJ Snake Featuring MO,2015
1015,17,Want To Want Me,Jason Derulo,2015
1016,18,Shake It Off,Taylor Swift,2015
1017,19,Where Are U Now,Skrillex & Diplo With Justin Bieber,2015
1018,20,Fight Song,Rachel Platten,2015
1019,21,679,Fetty Wap Featuring Remy Boyz,2015
1020,22,Lips Are Movin,Meghan Trainor,2015
1021,23,Worth It,Fifth Harmony Featuring Kid Ink,2015
1022,24,Post To Be,Omarion Featuring Chris Brown & Jhene Aiko,2015
1023,25,"Honey, I'm Good.",Andy Grammer,2015
1024,26,I'm Not The Only One,Sam Smith,2015
1025,27,Good For You,Selena Gomez Featuring A$AP Rocky,2015
1026,28,All About That Bass,Meghan Trainor,2015
1027,29,Style,Taylor Swift,2015
1028,30,Hotline Bling,Drake,2015
1029,31,Hey Mama,"David Guetta Featuring Nicki Minaj, Bebe Rexha & Afrojack",2015
1030,32,G.D.F.R.,Flo Rida Featuring Sage The Gemini & Lookas,2015
1031,33,What Do You Mean?,Justin Bieber,2015
1032,34,Photograph,Ed Sheeran,2015
1033,35,Hello,Adele,2015
1034,36,Stitches,Shawn Mendes,2015
1035,37,Talking Body,Tove Lo,2015
1036,38,Jealous,Nick Jonas,2015
1037,39,Time Of Our Lives,Pitbull & Ne-Yo,2015
1038,40,Locked Away,R. City Featuring Adam Levine,2015
1039,41,Somebody,Natalie La Rose Featuring Jeremih,2015
1040,42,FourFiveSeconds,Rihanna & Kanye West & Paul McCartney,2015
1041,43,Centuries,Fall Out Boy,2015
1042,44,My Way,Fetty Wap Featuring Monty,2015
1043,45,Take Your Time,Sam Hunt,2015
1044,46,Animals,Maroon 5,2015
1045,47,I Don't F**k With You,Big Sean Featuring E-40,2015
1046,48,B**** Better Have My Money,Rihanna,2015
1047,49,Flex (Ooh Ooh Ooh),Rich Homie Quan,2015
1048,50,Nasty Freestyle,T-Wayne,2015
1049,51,Only,"Nicki Minaj Featuring Drake, Lil Wayne & Chris Brown",2015
1050,52,Elastic Heart,Sia,2015
1051,53,Cool For The Summer,Demi Lovato,2015
1052,54,Renegades,X Ambassadors,2015
1053,55,I Don't Mind,Usher Featuring Juicy J,2015
1054,56,Love Me Harder,Ariana Grande & The Weeknd,2015
1055,57,Wildest Dreams,Taylor Swift,2015
1056,58,Stay With Me,Sam Smith,2015
1057,59,You Know You Like It,DJ Snake & AlunaGeorge,2015
1058,60,Uma Thurman,Fall Out Boy,2015
1059,61,7/11,Beyonce,2015
1060,62,The Heart Wants What It Wants,Selena Gomez,2015
1061,63,Girl Crush,Little Big Town,2015
1062,64,Slow Motion,Trey Songz,2015
1063,65,Drag Me Down,One Direction,2015
1064,66,Truffle Butter,Nicki Minaj Featuring Drake & Lil Wayne,2015
1065,67,One Last Time,Ariana Grande,2015
1066,68,Chains,Nick Jonas,2015
1067,69,All Eyes On You,Meek Mill Featuring Chris Brown & Nicki Minaj,2015
1068,70,No Type,Rae Sremmurd,2015
1069,71,Riptide,Vance Joy,2015
1070,72,Classic Man,Jidenna Featuring Roman GianArthur,2015
1071,73,Ex's & Oh's,Elle King,2015
1072,74,Dear Future Husband,Meghan Trainor,2015
1073,75,Marvin Gaye,Charlie Puth Featuring Meghan Trainor,2015
1074,76,Like I'm Gonna Lose You,Meghan Trainor Featuring John Legend,2015
1075,77,Habits (Stay High),Tove Lo,2015
1076,78,The Hanging Tree,James Newton Howard Featuring Jennifer Lawrence,2015
1077,79,CoCo,O.T. Genasis,2015
1078,80,Bang Bang,"Jessie J, Ariana Grande & Nicki Minaj",2015
1079,81,Lay Me Down,Sam Smith,2015
1080,82,Tuesday,I LOVE MAKONNEN Featuring Drake,2015
1081,83,Hit The Quan,iLoveMemphis,2015
1082,84,Downtown,"Macklemore & Ryan Lewis Featuring Eric Nally, Melle Mel, Kool Moe Dee & Grandmaster Caz",2015
1083,85,House Party,Sam Hunt,2015
1084,86,Ayo,Chris Brown & Tyga,2015
1085,87,Kick The Dust Up,Luke Bryan,2015
1086,88,Blessings,Big Sean Featuring Drake,2015
1087,89,Budapest,George Ezra,2015
1088,90,Chandelier,Sia,2015
1089,91,Heartbeat Song,Kelly Clarkson,2015
1090,92,Don't,Ed Sheeran,2015
1091,93,Ghost,Ella Henderson,2015
1092,94,Here,Alessia Cara,2015
1093,95,Waves,Mr. Probz,2015
1094,96,El Perdon (Forgiveness),Nicky Jam & Enrique Iglesias,2015
1095,97,She Knows,Ne-Yo Featuring Juicy J,2015
1096,98,Night Changes,One Direction,2015
1097,99,Back To Back,Drake,2015
1098,100,How Deep Is Your Love,Calvin Harris & Disciples,2015
1099,1,Love Yourself,Justin Bieber,2016
1100,2,Sorry,Justin Bieber,2016
1101,3,One Dance,Drake Featuring WizKid & Kyla,2016
1102,4,Work,Rihanna Featuring Drake,2016
1103,5,Stressed Out,twenty one pilots,2016
1104,6,Panda,Desiigner,2016
1105,7,Hello,Adele,2016
1106,8,Don't Let Me Down,The Chainsmokers Featuring Daya,2016
1107,9,Can't Stop The Feeling!,Justin Timberlake,2016
1108,10,Closer,The Chainsmokers Featuring Halsey,2016
1109,11,Cheap Thrills,Sia Featuring Sean Paul,2016
1110,12,7 Years,Lukas Graham,2016
1111,13,Needed Me,Rihanna,2016
1112,14,My House,Flo Rida,2016
1113,15,I Took A Pill In Ibiza,Mike Posner,2016
1114,16,Work From Home,Fifth Harmony Featuring Ty Dolla $ign,2016
1115,17,This Is What You Came For,Calvin Harris Featuring Rihanna,2016
1116,18,Cake By The Ocean,DNCE,2016
1117,19,"Me, Myself & I",G-Eazy x Bebe Rexha,2016
1118,20,Ride,twenty one pilots,2016
1119,21,Heathens,twenty one pilots,2016
1120,22,Pillowtalk,Zayn,2016
1121,23,Stitches,Shawn Mendes,2016
1122,24,Hotline Bling,Drake,2016
1123,25,Cold Water,Major Lazer Featuring Justin Bieber & MO,2016
1124,26,Send My Love (To Your New Lover),Adele,2016
1125,27,Roses,The Chainsmokers Featuring Rozes,2016
1126,28,Treat You Better,Shawn Mendes,2016
1127,29,Too Good,Drake Featuring Rihanna,2016
1128,30,Low Life,Future Featuring The Weeknd,2016
1129,31,What Do You Mean?,Justin Bieber,2016
1130,32,The Hills,The Weeknd,2016
1131,33,Just Like Fire,P!nk,2016
1132,34,Broccoli,D.R.A.M. Featuring Lil Yachty,2016
1133,35,Don't,Bryson Tiller,2016
1134,36,Dangerous Woman,Ariana Grande,2016
1135,37,Jumpman,Drake & Future,2016
1136,38,I Hate U I Love U,gnash Featuring Olivia O'Brien,2016
1137,39,Here,Alessia Cara,2016
1138,40,Same Old Love,Selena Gomez,2016
1139,41,Controlla,Drake,2016
1140,42,Like I'm Gonna Lose You,Meghan Trainor Featuring John Legend,2016
1141,43,One Call Away,Charlie Puth,2016
1142,44,Let It Go,James Bay,2016
1143,45,No,Meghan Trainor,2016
1144,46,Never Forget You,Zara Larsson & MNEK,2016
1145,47,Let Me Love You,DJ Snake Featuring Justin Bieber,2016
1146,48,Don't Mind,Kent Jones,2016
1147,49,H.O.L.Y.,Florida Georgia Line,2016
1148,50,We Don't Talk Anymore,Charlie Puth Featuring Selena Gomez,2016
1149,51,Into You,Ariana Grande,2016
1150,52,Gold,Kiiara,2016
1151,53,Exchange,Bryson Tiller,2016
1152,54,679,Fetty Wap Featuring Remy Boyz,2016
1153,55,Oui,Jeremih,2016
1154,56,Hands To Myself,Selena Gomez,2016
1155,57,2 Phones,Kevin Gates,2016
1156,58,Starboy,The Weeknd Featuring Daft Punk,2016
1157,59,For Free,DJ Khaled Featuring Drake,2016
1158,60,Never Be Like You,Flume Featuring Kai,2016
1159,61,In The Night,The Weeknd,2016
1160,62,Me Too,Meghan Trainor,2016
1161,63,Ex's & Oh's,Elle King,2016
1162,64,Die A Happy Man,Thomas Rhett,2016
1163,65,White Iverson,Post Malone,2016
1164,66,Close,Nick Jonas Featuring Tove Lo,2016
1165,67,Unsteady,X Ambassadors,2016
1166,68,Sucker For Pain,"Lil Wayne, Wiz Khalifa & Imagine Dragons With Logic & Ty Dolla $ign Feat. X Ambassadors",2016
1167,69,Down In The DM,Yo Gotti Featuring Nicki Minaj,2016
1168,70,Luv,Tory Lanez,2016
1169,71,Sorry,Beyonce,2016
1170,72,Can't Feel My Face,The Weeknd,2016
1171,73,Hymn For The Weekend,Coldplay,2016
1172,74,Say It,Tory Lanez,2016
1173,75,Antidote,Travis Scott,2016
1174,76,Lost Boy,Ruth B,2016
1175,77,Side To Side,Ariana Grande Featuring Nicki Minaj,2016
1176,78,"Sit Still, Look Pretty",Daya,2016
1177,79,Wildest Dreams,Taylor Swift,2016
1178,80,Middle,DJ Snake Featuring Bipolar Sunshine,2016
1179,81,On My Mind,Ellie Goulding,2016
1180,82,Pop Style,Drake Featuring The Throne,2016
1181,83,When We Were Young,Adele,2016
1182,84,Hide Away,Daya,2016
1183,85,Lean On,Major Lazer & DJ Snake Featuring MO,2016
1184,86,I Know What You Did Last Summer,Shawn Mendes & Camila Cabello,2016
1185,88,Watch Me,Silento,2016
1186,89,Back To Sleep,Chris Brown,2016
1187,90,No Limit,Usher Featuring Young Thug,2016
1188,91,Cut It,O.T. Genasis Featuring Young Dolph,2016
1189,92,Really Really,Kevin Gates,2016
1190,93,All In My Head (Flex),Fifth Harmony Featuring Fetty Wap,2016
1191,94,Starving,Hailee Steinfeld & Grey Featuring Zedd,2016
1192,95,Adventure Of A Lifetime,Coldplay,2016
1193,96,Humble And Kind,Tim McGraw,2016
1194,97,Wicked,Future,2016
1195,98,Tiimmy Turner,Desiigner,2016
1196,99,See You Again,Wiz Khalifa Featuring Charlie Puth,2016
1197,100,Perfect,One Direction,2016
1198,1,Shape Of You,Ed Sheeran,2017
1199,2,Despacito,Luis Fonsi & Daddy Yankee Featuring Justin Bieber,2017
1200,3,That's What I Like,Bruno Mars,2017
1201,4,Humble.,Kendrick Lamar,2017
1202,5,Something Just Like This,The Chainsmokers & Coldplay,2017
1203,6,Bad And Boujee,Migos Featuring Lil Uzi Vert,2017
1204,7,Closer,The Chainsmokers Featuring Halsey,2017
1205,8,Body Like A Back Road,Sam Hunt,2017
1206,9,Believer,Imagine Dragons,2017
1207,10,Congratulations,Post Malone Featuring Quavo,2017
1208,11,Say You Won't Let Go,James Arthur,2017
1209,12,I'm The One,"DJ Khaled Featuring Justin Bieber, Quavo, Chance The Rapper & Lil Wayne",2017
1210,13,XO TOUR Llif3,Lil Uzi Vert,2017
1211,14,Mask Off,Future,2017
1212,15,Unforgettable,French Montana Featuring Swae Lee,2017
1213,16,24K Magic,Bruno Mars,2017
1214,17,Stay,Zedd & Alessia Cara,2017
1215,18,Wild Thoughts,DJ Khaled Featuring Rihanna & Bryson Tiller,2017
1216,19,Black Beatles,Rae Sremmurd Featuring Gucci Mane,2017
1217,20,Starboy,The Weeknd Featuring Daft Punk,2017
1218,21,Location,Khalid,2017
1219,22,Attention,Charlie Puth,2017
1220,23,There's Nothing Holdin' Me Back,Shawn Mendes,2017
1221,24,Bodak Yellow (Money Moves),Cardi B,2017
1222,25,Redbone,Childish Gambino,2017
1223,26,I Don't Wanna Live Forever (Fifty Shades Darker),Zayn / Taylor Swift,2017
1224,27,It Ain't Me,Kygo x Selena Gomez,2017
1225,28,iSpy,KYLE Featuring Lil Yachty,2017
1226,29,Issues,Julia Michaels,2017
1227,30,Scars To Your Beautiful,Alessia Cara,2017
1228,31,1-800-273-8255,Logic Featuring Alessia Cara & Khalid,2017
1229,32,Slow Hands,Niall Horan,2017
1230,33,Love On The Brain,Rihanna,2017
1231,34,I Feel It Coming,The Weeknd Featuring Daft Punk,2017
1232,35,Bounce Back,Big Sean,2017
1233,36,Strip That Down,Liam Payne Featuring Quavo,2017
1234,37,Fake Love,Drake,2017
1235,38,Don't Wanna Know,Maroon 5 Featuring Kendrick Lamar,2017
1236,39,Look What You Made Me Do,Taylor Swift,2017
1237,40,Castle On The Hill,Ed Sheeran,2017
1238,41,Bad Things,Machine Gun Kelly x Camila Cabello,2017
1239,42,Paris,The Chainsmokers,2017
1240,43,Side To Side,Ariana Grande Featuring Nicki Minaj,2017
1241,44,Rockabye,Clean Bandit Featuring Sean Paul & Anne-Marie,2017
1242,45,Feel It Still,Portugal. The Man,2017
1243,46,Let Me Love You,DJ Snake Featuring Justin Bieber,2017
1244,47,Sorry Not Sorry,Demi Lovato,2017
1245,48,Bank Account,21 Savage,2017
1246,49,Can't Stop The Feeling!,Justin Timberlake,2017
1247,50,Mi Gente,J Balvin & Willy William Featuring Beyonce,2017
1248,51,Thunder,Imagine Dragons,2017
1249,52,T-Shirt,Migos,2017
1250,53,Rake It Up,Yo Gotti Featuring Nicki Minaj,2017
1251,54,Mercy,Shawn Mendes,2017
1252,55,Tunnel Vision,Kodak Black,2017
1253,56,Rockstar,Post Malone Featuring 21 Savage,2017
1254,57,In Case You Didn't Know,Brett Young,2017
1255,58,Heathens,twenty one pilots,2017
1256,59,Now Or Never,Halsey,2017
1257,60,Caroline,Amine,2017
1258,61,Rolex,Ayo & Teo,2017
1259,62,DNA.,Kendrick Lamar,2017
1260,63,Juju On That Beat (TZ Anthem),Zay Hilfigerrr & Zayion McCall,2017
1261,64,Swang,Rae Sremmurd,2017
1262,65,Passionfruit,Drake,2017
1263,66,Loyalty.,Kendrick Lamar Featuring Rihanna,2017
1264,67,Praying,Kesha,2017
1265,68,Goosebumps,Travis Scott,2017
1266,69,Cold,Maroon 5 Featuring Future,2017
1267,70,Broccoli,D.R.A.M. Featuring Lil Yachty,2017
1268,71,Slide,Calvin Harris Featuring Frank Ocean & Migos,2017
1269,72,What Ifs,Kane Brown Featuring Lauren Alaina,2017
1270,73,Chained To The Rhythm,Katy Perry Featuring Skip Marley,2017
1271,74,Feels,"Calvin Harris Featuring Pharrell Williams, Katy Perry & Big Sean",2017
1272,75,All Time Low,Jon Bellion,2017
1273,76,Hurricane,Luke Combs,2017
1274,77,Too Good At Goodbyes,Sam Smith,2017
1275,78,Young Dumb & Broke,Khalid,2017
1276,79,Magnolia,Playboi Carti,2017
1277,80,Love Galore,SZA Featuring Travis Scott,2017
1278,81,Drowning,A Boogie Wit da Hoodie Featuring Kodak Black,2017
1279,82,Starving,Hailee Steinfeld & Grey Featuring Zedd,2017
1280,83,Both,Gucci Mane Featuring Drake,2017
1281,84,What About Us,P!nk,2017
1282,85,Swalla,Jason Derulo Featuring Nicki Minaj & Ty Dolla $ign,2017
1283,86,Slippery,Migos Featuring Gucci Mane,2017
1284,87,Sign Of The Times,Harry Styles,2017
1285,88,Water Under The Bridge,Adele,2017
1286,89,Malibu,Miley Cyrus,2017
1287,90,Down,Marian Hill,2017
1288,91,No Promises,Cheat Codes Featuring Demi Lovato,2017
1289,92,Treat You Better,Shawn Mendes,2017
1290,93,I Get The Bag,Gucci Mane Featuring Migos,2017
1291,94,Small Town Boy,Dustin Lynch,2017
1292,95,Everyday We Lit,YFN Lucci Featuring PnB Rock,2017
1293,96,Havana,Camila Cabello Featuring Young Thug,2017
1294,97,What Lovers Do,Maroon 5 Featuring SZA,2017
1295,98,Do Re Mi,blackbear,2017
1296,99,Look At Me!,XXXTENTACION,2017
1297,100,The Fighter,Keith Urban Featuring Carrie Underwood,2017
1298,1,God's Plan,Drake,2018
1299,2,Perfect,Ed Sheeran,2018
1300,3,Meant To Be,Bebe Rexha & Florida Georgia Line,2018
1301,4,Havana,Camila Cabello Featuring Young Thug,2018
1302,5,Rockstar,Post Malone Featuring 21 Savage,2018
1303,6,Psycho,Post Malone Featuring Ty Dolla $ign,2018
1304,7,I Like It,"Cardi B, Bad Bunny & J Balvin",2018
1305,8,The Middle,"Zedd, Maren Morris & Grey",2018
1306,9,In My Feelings,Drake,2018
1307,10,Girls Like You,Maroon 5 Featuring Cardi B,2018
1308,11,Nice For What,Drake,2018
1309,12,Lucid Dreams,Juice WRLD,2018
1310,13,Better Now,Post Malone,2018
1311,14,Finesse,Bruno Mars & Cardi B,2018
1312,15,Boo'd Up,Ella Mai,2018
1313,16,New Rules,Dua Lipa,2018
1314,17,Sad!,XXXTENTACION,2018
1315,18,Never Be The Same,Camila Cabello,2018
1316,19,Love Lies,Khalid & Normani,2018
1317,20,No Tears Left To Cry,Ariana Grande,2018
1318,21,Mine,Bazzi,2018
1319,22,Thunder,Imagine Dragons,2018
1320,23,Look Alive,BlocBoy JB Featuring Drake,2018
1321,24,Delicate,Taylor Swift,2018
1322,25,Yes Indeed,Lil Baby & Drake,2018
1323,26,Friends,Marshmello & Anne-Marie,2018
1324,27,Bad At Love,Halsey,2018
1325,28,Taste,Tyga Featuring Offset,2018
1326,29,Let You Down,NF,2018
1327,30,No Limit,G-Eazy Featuring A$AP Rocky & Cardi B,2018
1328,31,FEFE,6ix9ine Featuring Nicki Minaj & Murda Beatz,2018
1329,32,Tequila,Dan + Shay,2018
1330,33,Feel It Still,Portugal. The Man,2018
1331,34,MotorSport,"Migos, Nicki Minaj & Cardi B",2018
1332,35,I Like Me Better,Lauv,2018
1333,36,Youngblood,5 Seconds Of Summer,2018
1334,37,Whatever It Takes,Imagine Dragons,2018
1335,38,Ric Flair Drip,Offset & Metro Boomin,2018
1336,39,I Fall Apart,Post Malone,2018
1337,40,Pray For Me,The Weeknd & Kendrick Lamar,2018
1338,41,Back To You,Selena Gomez,2018
1339,42,Sicko Mode,Travis Scott,2018
1340,43,Walk It Talk It,Migos Featuring Drake,2018
1341,44,Gucci Gang,Lil Pump,2018
1342,45,Him & I,G-Eazy & Halsey,2018
1343,46,In My Blood,Shawn Mendes,2018
1344,47,All The Stars,Kendrick Lamar & SZA,2018
1345,48,Stir Fry,Migos,2018
1346,49,Too Good At Goodbyes,Sam Smith,2018
1347,50,Love.,Kendrick Lamar Featuring Zacari,2018
1348,51,This Is America,Childish Gambino,2018
1349,52,Nonstop,Drake,2018
1350,53,Heaven,Kane Brown,2018
1351,54,Bodak Yellow (Money Moves),Cardi B,2018
1352,55,Freaky Friday,Lil Dicky Featuring Chris Brown,2018
1353,56,Gummo,6ix9ine,2018
1354,57,Plug Walk,Rich The Kid,2018
1355,58,Wait,Maroon 5,2018
1356,59,Be Careful,Cardi B,2018
1357,60,Wolves,Selena Gomez X Marshmello,2018
1358,61,Bartier Cardi,Cardi B Featuring 21 Savage,2018
1359,62,God Is A Woman,Ariana Grande,2018
1360,63,Big Bank,"YG Featuring 2 Chainz, Big Sean & Nicki Minaj",2018
1361,64,Sorry Not Sorry,Demi Lovato,2018
1362,65,How Long,Charlie Puth,2018
1363,66,Lights Down Low,MAX Featuring gnash,2018
1364,67,Young Dumb & Broke,Khalid,2018
1365,68,One Kiss,Calvin Harris & Dua Lipa,2018
1366,69,Natural,Imagine Dragons,2018
1367,70,You Make It Easy,Jason Aldean,2018
1368,71,Shape Of You,Ed Sheeran,2018
1369,72,I Get The Bag,Gucci Mane Featuring Migos,2018
1370,73,No Brainer,"DJ Khaled Featuring Justin Bieber, Chance The Rapper & Quavo",2018
1371,74,Plain Jane,A$AP Ferg Featuring Nicki Minaj,2018
1372,75,Sky Walker,Miguel Featuring Travis Scott,2018
1373,76,Marry Me,Thomas Rhett,2018
1374,77,Eastside,"benny blanco, Halsey & Khalid",2018
1375,78,Call Out My Name,The Weeknd,2018
1376,79,King's Dead,"Jay Rock, Kendrick Lamar, Future & James Blake",2018
1377,80,Happier,Marshmello & Bastille,2018
1378,81,Te Bote,"Casper Magico, Nio Garcia, Darell, Nicky Jam, Ozuna & Bad Bunny",2018
1379,82,Simple,Florida Georgia Line,2018
1380,83,Lemon,N*E*R*D & Rihanna,2018
1381,84,1-800-273-8255,Logic Featuring Alessia Cara & Khalid,2018
1382,85,Say Something,Justin Timberlake Featuring Chris Stapleton,2018
1383,86,I'm Upset,Drake,2018
1384,87,Get Along,Kenny Chesney,2018
1385,88,Moonlight,XXXTENTACION,2018
1386,89,What Lovers Do,Maroon 5 Featuring SZA,2018
1387,90,X,Nicky Jam x J Balvin,2018
1388,91,Outside Today,YoungBoy Never Broke Again,2018
1389,92,Trip,Ella Mai,2018
1390,93,Dura,Daddy Yankee,2018
1391,94,Changes,XXXTENTACION,2018
1392,95,Mercy,Brett Young,2018
1393,96,One Number Away,Luke Combs,2018
1394,97,Powerglide,Rae Sremmurd & Juicy J,2018
1395,98,IDGAF,Dua Lipa,2018
1396,99,Mi Gente,J Balvin & Willy William Featuring Beyonce,2018
1397,100,Believer,Imagine Dragons,2018
