,Rank,Artist,Year
0,1,Chris Brown,2005
1,2,Nickelback,2005
2,3,Rascal Flatts,2005
3,4,Sean Paul,2005
4,5,Ne-Yo,2005
5,6,The Pussycat Dolls,2005
6,7,Rihanna,2005
7,8,Mary J. Blige,2005
8,9,The Fray,2005
9,10,Justin Timberlake,2005
10,11,James Blunt,2005
11,12,The All-American Rejects,2005
12,13,Beyonce,2005
13,14,Kelly Clarkson,2005
14,15,Carrie Underwood,2005
15,16,T.I.,2005
16,17,Fall Out Boy,2005
17,18,Daniel Powter,2005
18,19,The Black Eyed Peas,2005
19,20,Eminem,2005
20,21,Natasha Bedingfield,2005
21,22,Gnarls Barkley,2005
22,23,Yung Joc,2005
23,24,Chamillionaire,2005
24,25,Nelly Furtado,2005
25,26,Mariah Carey,2005
26,27,Shakira,2005
27,28,Red Hot Chili Peppers,2005
28,29,Kenny Chesney,2005
29,30,Panic! At The Disco,2005
30,31,Fergie,2005
31,32,Jamie Foxx,2005
32,33,Cassie,2005
33,34,Nelly,2005
34,35,Christina Aguilera,2005
35,36,Dem Franchize Boyz,2005
36,37,Hinder,2005
37,38,T-Pain,2005
38,39,Ludacris,2005
39,40,Keyshia Cole,2005
40,41,KT Tunstall,2005
41,42,Kanye West,2005
42,43,Snow Patrol,2005
43,44,Tim McGraw,2005
44,45,Keith Urban,2005
45,46,Toby Keith,2005
46,47,D4L,2005
47,48,Juelz Santana,2005
48,49,Madonna,2005
49,50,Josh Turner,2005
50,1,Chris Brown,2006
51,2,Nickelback,2006
52,3,Rascal Flatts,2006
53,4,Sean Paul,2006
54,5,Ne-Yo,2006
55,6,The Pussycat Dolls,2006
56,7,Rihanna,2006
57,8,Mary J. Blige,2006
58,9,The Fray,2006
59,10,Justin Timberlake,2006
60,11,James Blunt,2006
61,12,The All-American Rejects,2006
62,13,Beyonce,2006
63,14,Kelly Clarkson,2006
64,15,Carrie Underwood,2006
65,16,T.I.,2006
66,17,Fall Out Boy,2006
67,18,Daniel Powter,2006
68,19,The Black Eyed Peas,2006
69,20,Eminem,2006
70,21,Natasha Bedingfield,2006
71,22,Gnarls Barkley,2006
72,23,Yung Joc,2006
73,24,Chamillionaire,2006
74,25,Nelly Furtado,2006
75,26,Mariah Carey,2006
76,27,Shakira,2006
77,28,Red Hot Chili Peppers,2006
78,29,Kenny Chesney,2006
79,30,Panic! At The Disco,2006
80,31,Fergie,2006
81,32,Jamie Foxx,2006
82,33,Cassie,2006
83,34,Nelly,2006
84,35,Christina Aguilera,2006
85,36,Dem Franchize Boyz,2006
86,37,Hinder,2006
87,38,T-Pain,2006
88,39,Ludacris,2006
89,40,Keyshia Cole,2006
90,41,KT Tunstall,2006
91,42,Kanye West,2006
92,43,Snow Patrol,2006
93,44,Tim McGraw,2006
94,45,Keith Urban,2006
95,46,Toby Keith,2006
96,47,D4L,2006
97,48,Juelz Santana,2006
98,49,Madonna,2006
99,50,Josh Turner,2006
100,1,Akon,2007
101,2,Fergie,2007
102,3,Justin Timberlake,2007
103,4,Daughtry,2007
104,5,Carrie Underwood,2007
105,6,Beyonce,2007
106,7,Nickelback,2007
107,8,Avril Lavigne,2007
108,9,T-Pain,2007
109,10,Gwen Stefani,2007
110,11,Timbaland,2007
111,12,Rihanna,2007
112,13,Nelly Furtado,2007
113,14,Rascal Flatts,2007
114,15,Maroon 5,2007
115,16,Kanye West,2007
116,17,Fall Out Boy,2007
117,18,T.I.,2007
118,19,Linkin Park,2007
119,20,JAY-Z,2007
120,21,Ciara,2007
121,22,The Fray,2007
122,23,Tim McGraw,2007
123,24,Hinder,2007
124,25,Plain White T's,2007
125,26,P!nk,2007
126,27,Ne-Yo,2007
127,28,Brad Paisley,2007
128,29,Mims,2007
129,30,Ludacris,2007
130,31,Taylor Swift,2007
131,32,Kenny Chesney,2007
132,33,Robin Thicke,2007
133,34,Lloyd,2007
134,35,Unk,2007
135,36,Shop Boyz,2007
136,37,Sean Kingston,2007
137,38,Soulja Boy Tell'em,2007
138,39,My Chemical Romance,2007
139,40,John Mayer,2007
140,41,Amy Winehouse,2007
141,42,Young Jeezy,2007
142,43,Bow Wow,2007
143,44,Keith Urban,2007
144,45,Sugarland,2007
145,46,Chris Brown,2007
146,47,50 Cent,2007
147,48,Snoop Dogg,2007
148,49,R. Kelly,2007
149,50,Josh Groban,2007
150,1,Chris Brown,2008
151,2,Lil Wayne,2008
152,3,Rihanna,2008
153,4,Alicia Keys,2008
154,5,Taylor Swift,2008
155,6,Leona Lewis,2008
156,7,Miley Cyrus,2008
157,8,Jordin Sparks,2008
158,9,Jonas Brothers,2008
159,10,T.I.,2008
160,11,Coldplay,2008
161,12,Flo Rida,2008
162,13,Carrie Underwood,2008
163,14,T-Pain,2008
164,15,Josh Groban,2008
165,16,Colbie Caillat,2008
166,17,Ne-Yo,2008
167,18,Kanye West,2008
168,19,Katy Perry,2008
169,20,Mariah Carey,2008
170,21,Sugarland,2008
171,22,Usher,2008
172,23,Sara Bareilles,2008
173,24,Fergie,2008
174,25,OneRepublic,2008
175,26,Natasha Bedingfield,2008
176,27,Timbaland,2008
177,28,Kid Rock,2008
178,29,Keyshia Cole,2008
179,30,Britney Spears,2008
180,31,P!nk,2008
181,32,Mary J. Blige,2008
182,33,Daughtry,2008
183,34,George Strait,2008
184,35,Rascal Flatts,2008
185,36,Kenny Chesney,2008
186,37,Plies,2008
187,38,The-Dream,2008
188,39,Eagles,2008
189,40,Brad Paisley,2008
190,41,Jason Mraz,2008
191,42,Soulja Boy Tell'em,2008
192,43,Young Jeezy,2008
193,44,Sean Kingston,2008
194,45,Akon,2008
195,46,Madonna,2008
196,47,Paramore,2008
197,48,Linkin Park,2008
198,49,Finger Eleven,2008
199,50,Garth Brooks,2008
200,1,Taylor Swift,2009
201,2,Beyonce,2009
202,3,Lady Gaga,2009
203,4,The Black Eyed Peas,2009
204,5,Miley Cyrus,2009
205,6,Kanye West,2009
206,7,Britney Spears,2009
207,8,T.I.,2009
208,9,Nickelback,2009
209,10,P!nk,2009
210,11,Kings Of Leon,2009
211,12,Katy Perry,2009
212,13,Flo Rida,2009
213,14,Kelly Clarkson,2009
214,15,Jason Mraz,2009
215,16,The Fray,2009
216,17,Ne-Yo,2009
217,18,Lil Wayne,2009
218,19,Rascal Flatts,2009
219,20,Zac Brown Band,2009
220,21,Pitbull,2009
221,22,Rihanna,2009
222,23,Jamie Foxx,2009
223,24,Eminem,2009
224,25,The All-American Rejects,2009
225,26,Drake,2009
226,27,Akon,2009
227,28,JAY-Z,2009
228,29,Keri Hilson,2009
229,30,Shinedown,2009
230,31,Soulja Boy Tell'em,2009
231,32,Keith Urban,2009
232,33,David Cook,2009
233,34,T-Pain,2009
234,35,Carrie Underwood,2009
235,36,Jason Aldean,2009
236,37,Daughtry,2009
237,38,Green Day,2009
238,39,Lady Antebellum,2009
239,40,Sugarland,2009
240,41,Darius Rucker,2009
241,42,Kid Cudi,2009
242,43,Kenny Chesney,2009
243,44,Coldplay,2009
244,45,3OH!3,2009
245,46,Jonas Brothers,2009
246,47,Jeremih,2009
247,48,Toby Keith,2009
248,49,Mariah Carey,2009
249,50,Maxwell,2009
250,1,Lady Gaga,2010
251,2,Taylor Swift,2010
252,3,Eminem,2010
253,4,Lady Antebellum,2010
254,5,Ke$ha,2010
255,6,Usher,2010
256,7,The Black Eyed Peas,2010
257,8,Justin Bieber,2010
258,9,Rihanna,2010
259,10,Drake,2010
260,11,Katy Perry,2010
261,12,Susan Boyle,2010
262,13,Jason Derulo,2010
263,14,B.o.B,2010
264,15,Taio Cruz,2010
265,16,Train,2010
266,17,Ludacris,2010
267,18,Trey Songz,2010
268,19,Michael Buble,2010
269,20,Lil Wayne,2010
270,21,Alicia Keys,2010
271,22,Bruno Mars,2010
272,23,Carrie Underwood,2010
273,24,Miley Cyrus,2010
274,25,Zac Brown Band,2010
275,26,JAY-Z,2010
276,27,Adam Lambert,2010
277,28,Michael Jackson,2010
278,29,Young Money,2010
279,30,Andrea Bocelli,2010
280,31,Iyaz,2010
281,32,Owl City,2010
282,33,John Mayer,2010
283,34,Mike Posner,2010
284,35,Nicki Minaj,2010
285,36,Jason Aldean,2010
286,37,Glee Cast,2010
287,38,Jay Sean,2010
288,39,Selena Gomez,2010
289,40,Miranda Lambert,2010
290,41,The Script,2010
291,42,Timbaland,2010
292,43,OneRepublic,2010
293,44,Snoop Dogg,2010
294,45,David Guetta,2010
295,46,Sade,2010
296,47,Sugarland,2010
297,48,Enrique Iglesias,2010
298,49,Kings Of Leon,2010
299,50,Beyonce,2010
300,51,Daughtry,2010
301,52,Pitbull,2010
302,53,Darius Rucker,2010
303,54,Kenny Chesney,2010
304,55,Chris Brown,2010
305,56,Nickelback,2010
306,57,Kris Allen,2010
307,58,P!nk,2010
308,59,Mary J. Blige,2010
309,60,Nelly,2010
310,61,La Roux,2010
311,62,Travie McCoy,2010
312,63,Gucci Mane,2010
313,64,Brad Paisley,2010
314,65,Monica,2010
315,66,Casting Crowns,2010
316,67,Maroon 5,2010
317,68,Luke Bryan,2010
318,69,Josh Turner,2010
319,70,Colbie Caillat,2010
320,71,3OH!3,2010
321,72,Billy Currington,2010
322,73,Shakira,2010
323,74,Blake Shelton,2010
324,75,Jack Johnson,2010
325,76,Orianthi,2010
326,77,will.i.am,2010
327,78,Easton Corbin,2010
328,79,Keith Urban,2010
329,80,Far*East Movement,2010
330,81,Rascal Flatts,2010
331,82,Paramore,2010
332,83,Norah Jones,2010
333,84,Rick Ross,2010
334,85,T.I.,2010
335,86,Tim McGraw,2010
336,87,Neon Trees,2010
337,88,Reba McEntire,2010
338,89,Britney Spears,2010
339,90,Kelly Clarkson,2010
340,91,Hayley Williams,2010
341,92,Linkin Park,2010
342,93,Flo Rida,2010
343,94,Robin Thicke,2010
344,95,Shinedown,2010
345,96,Melanie Fiona,2010
346,97,Shontelle,2010
347,98,Sara Bareilles,2010
348,99,Kanye West,2010
349,100,The Band Perry,2010
350,1,Adele,2011
351,2,Rihanna,2011
352,3,Katy Perry,2011
353,4,Lady Gaga,2011
354,5,Lil Wayne,2011
355,6,Bruno Mars,2011
356,7,Nicki Minaj,2011
357,8,Taylor Swift,2011
358,9,Justin Bieber,2011
359,10,Chris Brown,2011
360,11,The Black Eyed Peas,2011
361,12,Eminem,2011
362,13,Jason Aldean,2011
363,14,Britney Spears,2011
364,15,Wiz Khalifa,2011
365,16,P!nk,2011
366,17,Pitbull,2011
367,18,Kanye West,2011
368,19,Ke$ha,2011
369,20,Lady Antebellum,2011
370,21,Usher,2011
371,22,U2,2011
372,23,Drake,2011
373,24,LMFAO,2011
374,25,Beyonce,2011
375,26,Bon Jovi,2011
376,27,Enrique Iglesias,2011
377,28,Kenny Chesney,2011
378,29,Blake Shelton,2011
379,30,Cee Lo Green,2011
380,31,Selena Gomez & The Scene,2011
381,32,Zac Brown Band,2011
382,33,Michael Jackson,2011
383,34,Avril Lavigne,2011
384,35,The Band Perry,2011
385,36,David Guetta,2011
386,37,Take That,2011
387,38,Rascal Flatts,2011
388,39,Linkin Park,2011
389,40,Maroon 5,2011
390,41,Shakira,2011
391,42,Coldplay,2011
392,43,Jennifer Lopez,2011
393,44,Foster The People,2011
394,45,Brad Paisley,2011
395,46,Susan Boyle,2011
396,47,Mumford & Sons,2011
397,48,Akon,2011
398,49,Trey Songz,2011
399,50,Lupe Fiasco,2011
400,51,Glee Cast,2011
401,52,Roger Waters,2011
402,53,OneRepublic,2011
403,54,Keith Urban,2011
404,55,Luke Bryan,2011
405,56,Nelly,2011
406,57,Sugarland,2011
407,58,Michael Buble,2011
408,59,Keri Hilson,2011
409,60,50 Cent,2011
410,61,Bad Meets Evil,2011
411,62,Miranda Lambert,2011
412,63,The Script,2011
413,64,Kid Rock,2011
414,65,Miguel,2011
415,66,Taio Cruz,2011
416,67,Jeremih,2011
417,68,Toby Keith,2011
418,69,Eric Church,2011
419,70,JAY-Z,2011
420,71,Don Omar,2011
421,72,Josh Groban,2011
422,73,Waka Flocka Flame,2011
423,74,Tim McGraw,2011
424,75,Ludacris,2011
425,76,Hot Chelle Rae,2011
426,77,Thompson Square,2011
427,78,Far*East Movement,2011
428,79,Christina Perri,2011
429,80,Foo Fighters,2011
430,81,Scotty McCreery,2011
431,82,Kelly Rowland,2011
432,83,Christina Aguilera,2011
433,84,Diddy - Dirty Money,2011
434,85,Chris Young,2011
435,86,The Beatles,2011
436,87,Florence + The Machine,2011
437,88,Train,2011
438,89,Jason Derulo,2011
439,90,Billy Currington,2011
440,91,Kelly Clarkson,2011
441,92,Journey,2011
442,93,Demi Lovato,2011
443,94,George Strait,2011
444,95,Red Hot Chili Peppers,2011
445,96,Dr. Dre,2011
446,97,T.I.,2011
447,98,Mike Posner,2011
448,99,Carrie Underwood,2011
449,100,DJ Khaled,2011
450,1,Adele,2012
451,2,Rihanna,2012
452,3,Taylor Swift,2012
453,4,Drake,2012
454,5,Justin Bieber,2012
455,6,Nicki Minaj,2012
456,7,Katy Perry,2012
457,8,Maroon 5,2012
458,9,LMFAO,2012
459,10,One Direction,2012
460,11,Flo Rida,2012
461,12,Coldplay,2012
462,13,Jason Aldean,2012
463,14,fun.,2012
464,15,Carly Rae Jepsen,2012
465,16,Kelly Clarkson,2012
466,17,Lady Gaga,2012
467,18,Luke Bryan,2012
468,19,Bruno Mars,2012
469,20,David Guetta,2012
470,21,Lil Wayne,2012
471,22,Chris Brown,2012
472,23,Madonna,2012
473,24,Gotye,2012
474,25,Bruce Springsteen,2012
475,26,Pitbull,2012
476,27,Usher,2012
477,28,Lady Antebellum,2012
478,29,Wiz Khalifa,2012
479,30,Roger Waters,2012
480,31,Carrie Underwood,2012
481,32,Michael Buble,2012
482,33,Mumford & Sons,2012
483,34,Eric Church,2012
484,35,Eminem,2012
485,36,Kenny Chesney,2012
486,37,Blake Shelton,2012
487,38,Whitney Houston,2012
488,39,P!nk,2012
489,40,The Wanted,2012
490,41,Skrillex,2012
491,42,Toby Keith,2012
492,43,Train,2012
493,44,Kanye West,2012
494,45,Zac Brown Band,2012
495,46,Linkin Park,2012
496,47,Tyga,2012
497,48,Beyonce,2012
498,49,Ellie Goulding,2012
499,50,Calvin Harris,2012
500,51,The Black Keys,2012
501,52,Selena Gomez & The Scene,2012
502,53,Demi Lovato,2012
503,54,JAY-Z,2012
504,55,Tim McGraw,2012
505,56,PSY,2012
506,57,2 Chainz,2012
507,58,Miranda Lambert,2012
508,59,Jason Mraz,2012
509,60,Big Sean,2012
510,61,J. Cole,2012
511,62,Rascal Flatts,2012
512,63,Nickelback,2012
513,64,Jennifer Lopez,2012
514,65,Trey Songz,2012
515,66,Florence + The Machine,2012
516,67,Little Big Town,2012
517,68,The Band Perry,2012
518,69,Gym Class Heroes,2012
519,70,Foster The People,2012
520,71,Neon Trees,2012
521,72,Lionel Richie,2012
522,73,Hunter Hayes,2012
523,74,Jessie J,2012
524,75,Snoop Dogg,2012
525,76,Van Halen,2012
526,77,Alex Clare,2012
527,78,Dave Matthews Band,2012
528,79,Shakira,2012
529,80,Young Jeezy,2012
530,81,Britney Spears,2012
531,82,Michael Jackson,2012
532,83,Lee Brice,2012
533,84,Kimbra,2012
534,85,Rick Ross,2012
535,86,Mary J. Blige,2012
536,87,Kip Moore,2012
537,88,B.o.B,2012
538,89,Ne-Yo,2012
539,90,Dierks Bentley,2012
540,91,Andrea Bocelli,2012
541,92,Brad Paisley,2012
542,93,Scotty McCreery,2012
543,94,The Lumineers,2012
544,95,Phillip Phillips,2012
545,96,Miguel,2012
546,97,Gavin DeGraw,2012
547,98,Glee Cast,2012
548,99,Lana Del Rey,2012
549,100,John Mayer,2012
550,1,Bruno Mars,2013
551,2,Taylor Swift,2013
552,3,Justin Timberlake,2013
553,4,Rihanna,2013
554,5,Macklemore & Ryan Lewis,2013
555,6,P!nk,2013
556,7,Imagine Dragons,2013
557,8,One Direction,2013
558,9,Miley Cyrus,2013
559,10,Maroon 5,2013
560,11,Drake,2013
561,12,Justin Bieber,2013
562,13,Luke Bryan,2013
563,14,Katy Perry,2013
564,15,Florida Georgia Line,2013
565,16,Blake Shelton,2013
566,17,Eminem,2013
567,18,JAY-Z,2013
568,19,Robin Thicke,2013
569,20,The Lumineers,2013
570,21,Lil Wayne,2013
571,22,Mumford & Sons,2013
572,23,Baauer,2013
573,24,Lorde,2013
574,25,Lady Gaga,2013
575,26,Phillip Phillips,2013
576,27,Selena Gomez,2013
577,28,Jason Aldean,2013
578,29,Bon Jovi,2013
579,30,Pitbull,2013
580,31,Daft Punk,2013
581,32,Kendrick Lamar,2013
582,33,Nicki Minaj,2013
583,34,Hunter Hayes,2013
584,35,Alicia Keys,2013
585,36,fun.,2013
586,37,Beyonce,2013
587,38,Britney Spears,2013
588,39,Demi Lovato,2013
589,40,Kenny Chesney,2013
590,41,Avicii,2013
591,42,PSY,2013
592,43,Carrie Underwood,2013
593,44,Ariana Grande,2013
594,45,Ke$ha,2013
595,46,2 Chainz,2013
596,47,Kelly Clarkson,2013
597,48,Adele,2013
598,49,Michael Buble,2013
599,50,Tim McGraw,2013
600,51,Chris Brown,2013
601,52,will.i.am,2013
602,53,Lana Del Rey,2013
603,54,Ed Sheeran,2013
604,55,J. Cole,2013
605,56,Bruce Springsteen,2013
606,57,The Rolling Stones,2013
607,58,The Band Perry,2013
608,59,Miguel,2013
609,60,Lady Antebellum,2013
610,61,Fall Out Boy,2013
611,62,Darius Rucker,2013
612,63,Anna Kendrick,2013
613,64,AWOLNATION,2013
614,65,Zac Brown Band,2013
615,66,Future,2013
616,67,Flo Rida,2013
617,68,Eric Church,2013
618,69,Wiz Khalifa,2013
619,70,Ellie Goulding,2013
620,71,Calvin Harris,2013
621,72,Miranda Lambert,2013
622,73,OneRepublic,2013
623,74,T.I.,2013
624,75,Capital Cities,2013
625,76,A$AP Rocky,2013
626,77,George Strait,2013
627,78,Depeche Mode,2013
628,79,Pharrell Williams,2013
629,80,Little Big Town,2013
630,81,Of Monsters And Men,2013
631,82,Rod Stewart,2013
632,83,Christina Aguilera,2013
633,84,Swedish House Mafia,2013
634,85,Wanz,2013
635,86,Avril Lavigne,2013
636,87,Brad Paisley,2013
637,88,Zedd,2013
638,89,Wale,2013
639,90,Mariah Carey,2013
640,91,Muse,2013
641,92,Jennifer Lopez,2013
642,93,Michael Jackson,2013
643,94,The Weeknd,2013
644,95,Paul McCartney,2013
645,96,Lee Brice,2013
646,97,Randy Houser,2013
647,98,David Guetta,2013
648,99,Icona Pop,2013
649,100,Kanye West,2013
650,1,One Direction,2014
651,2,Katy Perry,2014
652,3,Beyonce,2014
653,4,Taylor Swift,2014
654,5,Justin Timberlake,2014
655,6,Iggy Azalea,2014
656,7,Ariana Grande,2014
657,8,Miley Cyrus,2014
658,9,Pharrell Williams,2014
659,10,Eminem,2014
660,11,Lorde,2014
661,12,Luke Bryan,2014
662,13,Sam Smith,2014
663,14,John Legend,2014
664,15,OneRepublic,2014
665,16,Drake,2014
666,17,Jason Derulo,2014
667,18,Justin Bieber,2014
668,19,Imagine Dragons,2014
669,20,Florida Georgia Line,2014
670,21,Nicki Minaj,2014
671,22,5 Seconds Of Summer,2014
672,23,Lady Gaga,2014
673,24,Ed Sheeran,2014
674,25,Pitbull,2014
675,26,Bruno Mars,2014
676,27,Jason Aldean,2014
677,28,Maroon 5,2014
678,29,Chris Brown,2014
679,30,Meghan Trainor,2014
680,31,Bastille,2014
681,32,Avicii,2014
682,33,MAGIC!,2014
683,34,Demi Lovato,2014
684,35,Blake Shelton,2014
685,36,Coldplay,2014
686,37,Charli XCX,2014
687,38,Nico & Vinz,2014
688,39,The Rolling Stones,2014
689,40,Eagles,2014
690,41,Shakira,2014
691,42,Passenger,2014
692,43,JAY-Z,2014
693,44,Brantley Gilbert,2014
694,45,Ellie Goulding,2014
695,46,Eric Church,2014
696,47,Rihanna,2014
697,48,Idina Menzel,2014
698,49,Selena Gomez,2014
699,50,Calvin Harris,2014
700,51,Enrique Iglesias,2014
701,52,Sia,2014
702,53,Paul McCartney,2014
703,54,Michael Buble,2014
704,55,Michael Jackson,2014
705,56,Wiz Khalifa,2014
706,57,Miranda Lambert,2014
707,58,Trey Songz,2014
708,59,Lady Antebellum,2014
709,60,Garth Brooks,2014
710,61,Keith Urban,2014
711,62,YG,2014
712,63,American Authors,2014
713,64,Tove Lo,2014
714,65,Juicy J,2014
715,66,Lana Del Rey,2014
716,67,ScHoolboy Q,2014
717,68,George Strait,2014
718,69,Kid Ink,2014
719,70,Paramore,2014
720,71,Dierks Bentley,2014
721,72,Austin Mahone,2014
722,73,Jennifer Lopez,2014
723,74,Bruce Springsteen,2014
724,75,Snoop Dogg,2014
725,76,Zac Brown Band,2014
726,77,Aloe Blacc,2014
727,78,Cole Swindell,2014
728,79,Billy Joel,2014
729,80,Britney Spears,2014
730,81,Martin Garrix,2014
731,82,2 Chainz,2014
732,83,Disclosure,2014
733,84,Romeo Santos,2014
734,85,A Great Big World,2014
735,86,Lil Jon,2014
736,87,Kenny Chesney,2014
737,88,DJ Snake,2014
738,89,Arctic Monkeys,2014
739,90,Jhene Aiko,2014
740,91,Cher,2014
741,92,Becky G,2014
742,93,Elton John,2014
743,94,Bob Marley And The Wailers,2014
744,95,Rascal Flatts,2014
745,96,MKTO,2014
746,97,Kelly Clarkson,2014
747,98,Sara Bareilles,2014
748,99,Christina Aguilera,2014
749,100,Childish Gambino,2014
750,1,Taylor Swift,2015
751,2,Ed Sheeran,2015
752,3,The Weeknd,2015
753,4,Drake,2015
754,5,One Direction,2015
755,6,Maroon 5,2015
756,7,Meghan Trainor,2015
757,8,Fetty Wap,2015
758,9,Sam Smith,2015
759,10,Nicki Minaj,2015
760,11,Ariana Grande,2015
761,12,Selena Gomez,2015
762,13,Mark Ronson,2015
763,14,Luke Bryan,2015
764,15,Justin Bieber,2015
765,16,Wiz Khalifa,2015
766,17,WALK THE MOON,2015
767,18,Hozier,2015
768,19,Fall Out Boy,2015
769,20,Ellie Goulding,2015
770,21,Katy Perry,2015
771,22,Kenny Chesney,2015
772,23,Sam Hunt,2015
773,24,Beyonce,2015
774,25,J. Cole,2015
775,26,Rihanna,2015
776,27,Nick Jonas,2015
777,28,Jason Derulo,2015
778,29,Florida Georgia Line,2015
779,30,Bruno Mars,2015
780,31,Silento,2015
781,32,The Rolling Stones,2015
782,33,OMI,2015
783,34,U2,2015
784,35,Tove Lo,2015
785,36,Demi Lovato,2015
786,37,Kendrick Lamar,2015
787,38,Chris Brown,2015
788,39,Future,2015
789,40,Big Sean,2015
790,41,Rae Sremmurd,2015
791,42,5 Seconds Of Summer,2015
792,43,Eric Church,2015
793,44,Blake Shelton,2015
794,45,Shawn Mendes,2015
795,46,Sia,2015
796,47,Zac Brown Band,2015
797,48,Jason Aldean,2015
798,49,Imagine Dragons,2015
799,50,Rachel Platten,2015
800,51,Carrie Underwood,2015
801,52,Fifth Harmony,2015
802,53,Andy Grammer,2015
803,54,Pitbull,2015
804,55,Pentatonix,2015
805,56,Fleetwood Mac,2015
806,57,Meek Mill,2015
807,58,David Guetta,2015
808,59,Charlie Puth,2015
809,60,Adele,2015
810,61,Justin Timberlake,2015
811,62,Iggy Azalea,2015
812,63,Eminem,2015
813,64,Foo Fighters,2015
814,65,Miley Cyrus,2015
815,66,Flo Rida,2015
816,67,Little Big Town,2015
817,68,Trey Songz,2015
818,69,Billy Joel,2015
819,70,Thomas Rhett,2015
820,71,Calvin Harris,2015
821,72,Jennifer Lopez,2015
822,73,Shania Twain,2015
823,74,AC/DC,2015
824,75,Madonna,2015
825,76,Omarion,2015
826,77,DJ Snake,2015
827,78,Ne-Yo,2015
828,79,twenty one pilots,2015
829,80,X Ambassadors,2015
830,81,Vance Joy,2015
831,82,Kid Ink,2015
832,83,Rich Homie Quan,2015
833,84,Major Lazer,2015
834,85,Tim McGraw,2015
835,86,Neil Diamond,2015
836,87,Mumford & Sons,2015
837,88,Lana Del Rey,2015
838,89,A$AP Rocky,2015
839,90,Usher,2015
840,91,Grateful Dead,2015
841,92,Garth Brooks,2015
842,93,Kelly Clarkson,2015
843,94,Kanye West,2015
844,95,Lady Gaga,2015
845,96,Cole Swindell,2015
846,97,Jeremih,2015
847,98,T-Wayne,2015
848,99,Elle King,2015
849,100,Enrique Iglesias,2015
850,1,Adele,2016
851,2,Justin Bieber,2016
852,3,Drake,2016
853,4,Beyonce,2016
854,5,twenty one pilots,2016
855,6,Rihanna,2016
856,7,Ariana Grande,2016
857,8,The Weeknd,2016
858,9,Coldplay,2016
859,10,Shawn Mendes,2016
860,11,Selena Gomez,2016
861,12,Future,2016
862,13,The Chainsmokers,2016
863,14,Bruce Springsteen,2016
864,15,Meghan Trainor,2016
865,16,Taylor Swift,2016
866,17,Bryson Tiller,2016
867,18,Kanye West,2016
868,19,Zayn,2016
869,20,Prince,2016
870,21,Luke Bryan,2016
871,22,Desiigner,2016
872,23,G-Eazy,2016
873,24,Fetty Wap,2016
874,25,Sia,2016
875,26,One Direction,2016
876,27,Fifth Harmony,2016
877,28,Lukas Graham,2016
878,29,Carrie Underwood,2016
879,30,Justin Timberlake,2016
880,31,Florida Georgia Line,2016
881,32,Charlie Puth,2016
882,33,Flo Rida,2016
883,34,Kevin Gates,2016
884,35,Blake Shelton,2016
885,36,DNCE,2016
886,37,Guns N' Roses,2016
887,38,Alessia Cara,2016
888,39,Chris Brown,2016
889,40,Mike Posner,2016
890,41,Daya,2016
891,42,Chris Stapleton,2016
892,43,Thomas Rhett,2016
893,44,Demi Lovato,2016
894,45,Madonna,2016
895,46,Halsey,2016
896,47,Sam Hunt,2016
897,48,Calvin Harris,2016
898,49,Kenny Chesney,2016
899,50,Keith Urban,2016
900,51,Major Lazer,2016
901,52,Ellie Goulding,2016
902,53,Jason Aldean,2016
903,54,Nicki Minaj,2016
904,55,5 Seconds Of Summer,2016
905,56,Kendrick Lamar,2016
906,57,Pentatonix,2016
907,58,Travis Scott,2016
908,59,DJ Snake,2016
909,60,Tory Lanez,2016
910,61,James Bay,2016
911,62,Troye Sivan,2016
912,63,Jeremih,2016
913,64,Zac Brown Band,2016
914,65,DJ Khaled,2016
915,66,J. Cole,2016
916,67,The Rolling Stones,2016
917,68,Wiz Khalifa,2016
918,69,Eminem,2016
919,70,Celine Dion,2016
920,71,X Ambassadors,2016
921,72,Britney Spears,2016
922,73,Panic! At The Disco,2016
923,74,Billy Joel,2016
924,75,Elle King,2016
925,76,Lady Gaga,2016
926,77,P!nk,2016
927,78,Cole Swindell,2016
928,79,Maroon 5,2016
929,80,Ty Dolla $ign,2016
930,81,David Bowie,2016
931,82,Kiiara,2016
932,83,Tim McGraw,2016
933,84,Eric Church,2016
934,85,Dierks Bentley,2016
935,86,Rae Sremmurd,2016
936,87,Disturbed,2016
937,88,Jennifer Lopez,2016
938,89,Paul McCartney,2016
939,90,Ed Sheeran,2016
940,91,Katy Perry,2016
941,92,Bebe Rexha,2016
942,93,Nick Jonas,2016
943,94,Lil Uzi Vert,2016
944,95,Logic,2016
945,96,Young Thug,2016
946,97,gnash,2016
947,98,Chance The Rapper,2016
948,99,Camila Cabello,2016
949,100,D.R.A.M.,2016
950,1,Ed Sheeran,2017
951,2,Bruno Mars,2017
952,3,Drake,2017
953,4,Kendrick Lamar,2017
954,5,The Weeknd,2017
955,6,The Chainsmokers,2017
956,7,Justin Bieber,2017
957,8,Future,2017
958,9,Shawn Mendes,2017
959,10,BTS,2017
960,11,Coldplay,2017
961,12,Lil Uzi Vert,2017
962,13,Migos,2017
963,14,Imagine Dragons,2017
964,15,Ariana Grande,2017
965,16,Guns N' Roses,2017
966,17,Post Malone,2017
967,18,U2,2017
968,19,Rihanna,2017
969,20,DJ Khaled,2017
970,21,Khalid,2017
971,22,J. Cole,2017
972,23,Metallica,2017
973,24,Halsey,2017
974,25,Taylor Swift,2017
975,26,Lady Gaga,2017
976,27,Alessia Cara,2017
977,28,Sam Hunt,2017
978,29,Niall Horan,2017
979,30,Rae Sremmurd,2017
980,31,twenty one pilots,2017
981,32,Big Sean,2017
982,33,Kodak Black,2017
983,34,Travis Scott,2017
984,35,Selena Gomez,2017
985,36,21 Savage,2017
986,37,Gucci Mane,2017
987,38,James Arthur,2017
988,39,Demi Lovato,2017
989,40,Childish Gambino,2017
990,41,Chris Stapleton,2017
991,42,Pentatonix,2017
992,43,Logic,2017
993,44,Chris Brown,2017
994,45,Florida Georgia Line,2017
995,46,Charlie Puth,2017
996,47,Adele,2017
997,48,Maroon 5,2017
998,49,Katy Perry,2017
999,50,Nicki Minaj,2017
1000,51,Cardi B,2017
1001,52,The Rolling Stones,2017
1002,53,Thomas Rhett,2017
1003,54,Luke Bryan,2017
1004,55,XXXTENTACION,2017
1005,56,Harry Styles,2017
1006,57,SZA,2017
1007,58,Eminem,2017
1008,59,Beyonce,2017
1009,60,Depeche Mode,2017
1010,61,Luis Fonsi,2017
1011,62,Maluma,2017
1012,63,Keith Urban,2017
1013,64,Miley Cyrus,2017
1014,65,French Montana,2017
1015,66,Brett Young,2017
1016,67,Daddy Yankee,2017
1017,68,Camila Cabello,2017
1018,69,Liam Payne,2017
1019,70,Calvin Harris,2017
1020,71,Blake Shelton,2017
1021,72,Zayn,2017
1022,73,Celine Dion,2017
1023,74,Luke Combs,2017
1024,75,Julia Michaels,2017
1025,76,Sam Smith,2017
1026,77,Linkin Park,2017
1027,78,P!nk,2017
1028,79,Jon Pardi,2017
1029,80,Chance The Rapper,2017
1030,81,Bryson Tiller,2017
1031,82,Quavo,2017
1032,83,Red Hot Chili Peppers,2017
1033,84,A Boogie Wit da Hoodie,2017
1034,85,Eric Church,2017
1035,86,Jason Aldean,2017
1036,87,Tom Petty And The Heartbreakers,2017
1037,88,Roger Waters,2017
1038,89,Portugal. The Man,2017
1039,90,Playboi Carti,2017
1040,91,Billy Joel,2017
1041,92,John Mayer,2017
1042,93,2 Chainz,2017
1043,94,Zac Brown Band,2017
1044,95,Kesha,2017
1045,96,Justin Timberlake,2017
1046,97,Sia,2017
1047,98,JAY-Z,2017
1048,99,Kane Brown,2017
1049,100,Zedd,2017
1050,1,Drake,2018
1051,2,Post Malone,2018
1052,3,Ed Sheeran,2018
1053,4,Taylor Swift,2018
1054,5,Cardi B,2018
1055,6,XXXTENTACION,2018
1056,7,Imagine Dragons,2018
1057,8,BTS,2018
1058,9,Bruno Mars,2018
1059,10,Camila Cabello,2018
1060,11,Migos,2018
1061,12,Travis Scott,2018
1062,13,Eminem,2018
1063,14,Ariana Grande,2018
1064,15,Kendrick Lamar,2018
1065,16,Maroon 5,2018
1066,17,Juice WRLD,2018
1067,18,Khalid,2018
1068,19,Dua Lipa,2018
1069,20,Halsey,2018
1070,21,P!nk,2018
1071,22,J. Cole,2018
1072,23,The Weeknd,2018
1073,24,Justin Timberlake,2018
1074,25,Sam Smith,2018
1075,26,Nicki Minaj,2018
1076,27,Demi Lovato,2018
1077,28,6ix9ine,2018
1078,29,Chris Stapleton,2018
1079,30,Shawn Mendes,2018
1080,31,Florida Georgia Line,2018
1081,32,Lil Baby,2018
1082,33,Ella Mai,2018
1083,34,Bebe Rexha,2018
1084,35,G-Eazy,2018
1085,36,Luke Bryan,2018
1086,37,YoungBoy Never Broke Again,2018
1087,38,Kenny Chesney,2018
1088,39,Bazzi,2018
1089,40,Thomas Rhett,2018
1090,41,NF,2018
1091,42,Beyonce,2018
1092,43,Lil Wayne,2018
1093,44,Lil Pump,2018
1094,45,Kane Brown,2018
1095,46,Jason Aldean,2018
1096,47,Kanye West,2018
1097,48,Luke Combs,2018
1098,49,Logic,2018
1099,50,21 Savage,2018
1100,51,JAY-Z,2018
1101,52,Chris Brown,2018
1102,53,Lil Uzi Vert,2018
1103,54,SZA,2018
1104,55,Kodak Black,2018
1105,56,Charlie Puth,2018
1106,57,Panic! At The Disco,2018
1107,58,Marshmello,2018
1108,59,Rich The Kid,2018
1109,60,U2,2018
1110,61,Selena Gomez,2018
1111,62,5 Seconds Of Summer,2018
1112,63,J Balvin,2018
1113,64,Dan + Shay,2018
1114,65,Lady Gaga,2018
1115,66,Ozuna,2018
1116,67,Bad Bunny,2018
1117,68,The Rolling Stones,2018
1118,69,Eagles,2018
1119,70,Brett Young,2018
1120,71,Childish Gambino,2018
1121,72,Portugal. The Man,2018
1122,73,Blake Shelton,2018
1123,74,Lil Skies,2018
1124,75,Future,2018
1125,76,EXO,2018
1126,77,BlocBoy JB,2018
1127,78,Lauv,2018
1128,79,Keith Urban,2018
1129,80,Elton John,2018
1130,81,Offset,2018
1131,82,Metro Boomin,2018
1132,83,Queen,2018
1133,84,Pentatonix,2018
1134,85,Young Thug,2018
1135,86,Rihanna,2018
1136,87,twenty one pilots,2018
1137,88,The Carters,2018
1138,89,Old Dominion,2018
1139,90,Ty Dolla $ign,2018
1140,91,Gucci Mane,2018
1141,92,Billy Joel,2018
1142,93,Maren Morris,2018
1143,94,Journey,2018
1144,95,Foo Fighters,2018
1145,96,Celine Dion,2018
1146,97,DJ Khaled,2018
1147,98,Harry Styles,2018
1148,99,Lauren Daigle,2018
1149,100,Gunna,2018
